timestamp,trade_id,symbol,direction,quantity,price,fees,status
2026-01-01T09:20:00,trade_order_20260101092000000000_NSE_EQ|INE742F01042,NSE_EQ|INE742F01042,BUY,80.0,1473.11,117.8488,FILLED
2026-01-01T09:25:00,trade_order_20260101092500000000_NSE_EQ|INE742F01042,NSE_EQ|INE742F01042,SELL,80.0,1472.29,117.7832,FILLED
2026-01-01T09:26:00,trade_order_20260101092600000000_NSE_EQ|INE742F01042,NSE_EQ|INE742F01042,BUY,80.0,1473.01,117.8408,FILLED
2026-01-01T09:58:00,trade_order_20260101095800000000_NSE_EQ|INE742F01042,NSE_EQ|INE742F01042,SELL,80.0,1484.79,118.7832,FILLED
2026-01-01T09:59:00,trade_order_20260101095900000000_NSE_EQ|INE742F01042,NSE_EQ|INE742F01042,BUY,80.0,1485.21,118.8168,FILLED
2026-01-01T10:07:00,trade_order_20260101100700000000_NSE_EQ|INE742F01042,NSE_EQ|INE742F01042,SELL,80.0,1485.09,118.8072,FILLED
2026-01-01T10:28:00,trade_order_20260101102800000000_NSE_EQ|INE742F01042,NSE_EQ|INE742F01042,BUY,80.0,1483.01,118.6408,FILLED
2026-01-01T10:29:00,trade_order_20260101102900000000_NSE_EQ|INE742F01042,NSE_EQ|INE742F01042,SELL,80.0,1482.19,118.57520000000001,FILLED
2026-01-01T10:30:00,trade_order_20260101103000000000_NSE_EQ|INE742F01042,NSE_EQ|INE742F01042,BUY,80.0,1482.91,118.6328,FILLED
2026-01-01T10:40:00,trade_order_20260101104000000000_NSE_EQ|INE742F01042,NSE_EQ|INE742F01042,SELL,80.0,1480.49,118.4392,FILLED
2026-01-01T10:44:00,trade_order_20260101104400000000_NSE_EQ|INE742F01042,NSE_EQ|INE742F01042,BUY,80.0,1482.91,118.6328,FILLED
2026-01-01T11:13:00,trade_order_20260101111300000000_NSE_EQ|INE742F01042,NSE_EQ|INE742F01042,SELL,80.0,1486.19,118.89520000000002,FILLED
2026-01-01T11:30:00,trade_order_20260101113000000000_NSE_EQ|INE742F01042,NSE_EQ|INE742F01042,BUY,80.0,1485.31,118.8248,FILLED
2026-01-01T11:32:00,trade_order_20260101113200000000_NSE_EQ|INE742F01042,NSE_EQ|INE742F01042,SELL,80.0,1485.19,118.81520000000002,FILLED
2026-01-01T11:55:00,trade_order_20260101115500000000_NSE_EQ|INE742F01042,NSE_EQ|INE742F01042,BUY,80.0,1484.91,118.7928,FILLED
2026-01-01T12:05:00,trade_order_20260101120500000000_NSE_EQ|INE742F01042,NSE_EQ|INE742F01042,SELL,80.0,1484.19,118.73520000000002,FILLED
2026-01-01T12:06:00,trade_order_20260101120600000000_NSE_EQ|INE742F01042,NSE_EQ|INE742F01042,BUY,80.0,1485.41,118.8328,FILLED
2026-01-01T12:07:00,trade_order_20260101120700000000_NSE_EQ|INE742F01042,NSE_EQ|INE742F01042,SELL,80.0,1484.99,118.7992,FILLED
2026-01-01T12:11:00,trade_order_20260101121100000000_NSE_EQ|INE742F01042,NSE_EQ|INE742F01042,BUY,80.0,1486.21,118.8968,FILLED
2026-01-01T12:16:00,trade_order_20260101121600000000_NSE_EQ|INE742F01042,NSE_EQ|INE742F01042,SELL,80.0,1485.29,118.8232,FILLED
2026-01-01T12:30:00,trade_order_20260101123000000000_NSE_EQ|INE742F01042,NSE_EQ|INE742F01042,BUY,80.0,1485.71,118.8568,FILLED
2026-01-01T12:31:00,trade_order_20260101123100000000_NSE_EQ|INE742F01042,NSE_EQ|INE742F01042,SELL,80.0,1485.09,118.8072,FILLED
2026-01-01T12:33:00,trade_order_20260101123300000000_NSE_EQ|INE742F01042,NSE_EQ|INE742F01042,BUY,80.0,1486.91,118.95280000000001,FILLED
2026-01-01T12:34:00,trade_order_20260101123400000000_NSE_EQ|INE742F01042,NSE_EQ|INE742F01042,SELL,80.0,1484.59,118.7672,FILLED
2026-01-01T13:08:00,trade_order_20260101130800000000_NSE_EQ|INE742F01042,NSE_EQ|INE742F01042,BUY,80.0,1482.41,118.59280000000001,FILLED
2026-01-01T13:11:00,trade_order_20260101131100000000_NSE_EQ|INE742F01042,NSE_EQ|INE742F01042,SELL,80.0,1481.69,118.53520000000002,FILLED
2026-01-01T13:12:00,trade_order_20260101131200000000_NSE_EQ|INE742F01042,NSE_EQ|INE742F01042,BUY,80.0,1482.31,118.58479999999999,FILLED
2026-01-01T13:14:00,trade_order_20260101131400000000_NSE_EQ|INE742F01042,NSE_EQ|INE742F01042,SELL,80.0,1481.69,118.53520000000002,FILLED
2026-01-01T13:15:00,trade_order_20260101131500000000_NSE_EQ|INE742F01042,NSE_EQ|INE742F01042,BUY,80.0,1481.91,118.5528,FILLED
2026-01-01T13:16:00,trade_order_20260101131600000000_NSE_EQ|INE742F01042,NSE_EQ|INE742F01042,SELL,80.0,1481.69,118.53520000000002,FILLED
2026-01-01T13:17:00,trade_order_20260101131700000000_NSE_EQ|INE742F01042,NSE_EQ|INE742F01042,BUY,80.0,1482.01,118.5608,FILLED
2026-01-01T13:20:00,trade_order_20260101132000000000_NSE_EQ|INE742F01042,NSE_EQ|INE742F01042,SELL,80.0,1481.79,118.5432,FILLED
2026-01-01T13:24:00,trade_order_20260101132400000000_NSE_EQ|INE742F01042,NSE_EQ|INE742F01042,BUY,80.0,1481.91,118.5528,FILLED
2026-01-01T13:25:00,trade_order_20260101132500000000_NSE_EQ|INE742F01042,NSE_EQ|INE742F01042,SELL,80.0,1481.79,118.5432,FILLED
2026-01-01T13:26:00,trade_order_20260101132600000000_NSE_EQ|INE742F01042,NSE_EQ|INE742F01042,BUY,80.0,1481.91,118.5528,FILLED
2026-01-01T13:37:00,trade_order_20260101133700000000_NSE_EQ|INE742F01042,NSE_EQ|INE742F01042,SELL,80.0,1482.19,118.57520000000001,FILLED
2026-01-01T13:43:00,trade_order_20260101134300000000_NSE_EQ|INE742F01042,NSE_EQ|INE742F01042,BUY,80.0,1482.41,118.59280000000001,FILLED
2026-01-01T13:44:00,trade_order_20260101134400000000_NSE_EQ|INE742F01042,NSE_EQ|INE742F01042,SELL,80.0,1482.19,118.57520000000001,FILLED
2026-01-01T13:45:00,trade_order_20260101134500000000_NSE_EQ|INE742F01042,NSE_EQ|INE742F01042,BUY,80.0,1483.01,118.6408,FILLED
2026-01-01T13:47:00,trade_order_20260101134700000000_NSE_EQ|INE742F01042,NSE_EQ|INE742F01042,SELL,80.0,1481.49,118.5192,FILLED
2026-01-01T13:48:00,trade_order_20260101134800000000_NSE_EQ|INE742F01042,NSE_EQ|INE742F01042,BUY,80.0,1482.61,118.60879999999999,FILLED
2026-01-01T13:49:00,trade_order_20260101134900000000_NSE_EQ|INE742F01042,NSE_EQ|INE742F01042,SELL,80.0,1481.79,118.5432,FILLED
2026-01-01T13:52:00,trade_order_20260101135200000000_NSE_EQ|INE742F01042,NSE_EQ|INE742F01042,BUY,80.0,1482.31,118.58479999999999,FILLED
2026-01-01T13:54:00,trade_order_20260101135400000000_NSE_EQ|INE742F01042,NSE_EQ|INE742F01042,SELL,80.0,1482.09,118.5672,FILLED
2026-01-01T13:55:00,trade_order_20260101135500000000_NSE_EQ|INE742F01042,NSE_EQ|INE742F01042,BUY,80.0,1482.81,118.6248,FILLED
2026-01-01T13:57:00,trade_order_20260101135700000000_NSE_EQ|INE742F01042,NSE_EQ|INE742F01042,SELL,80.0,1481.89,118.55120000000001,FILLED
2026-01-01T14:00:00,trade_order_20260101140000000000_NSE_EQ|INE742F01042,NSE_EQ|INE742F01042,BUY,80.0,1482.61,118.60879999999999,FILLED
2026-01-01T14:01:00,trade_order_20260101140100000000_NSE_EQ|INE742F01042,NSE_EQ|INE742F01042,SELL,80.0,1482.09,118.5672,FILLED
2026-01-01T14:02:00,trade_order_20260101140200000000_NSE_EQ|INE742F01042,NSE_EQ|INE742F01042,BUY,80.0,1482.71,118.61680000000001,FILLED
2026-01-01T14:08:00,trade_order_20260101140800000000_NSE_EQ|INE742F01042,NSE_EQ|INE742F01042,SELL,80.0,1482.29,118.5832,FILLED
2026-01-01T14:13:00,trade_order_20260101141300000000_NSE_EQ|INE742F01042,NSE_EQ|INE742F01042,BUY,80.0,1482.31,118.58479999999999,FILLED
2026-01-01T14:21:00,trade_order_20260101142100000000_NSE_EQ|INE742F01042,NSE_EQ|INE742F01042,SELL,80.0,1481.99,118.5592,FILLED
2026-01-01T14:33:00,trade_order_20260101143300000000_NSE_EQ|INE742F01042,NSE_EQ|INE742F01042,BUY,80.0,1482.41,118.59280000000001,FILLED
2026-01-01T14:34:00,trade_order_20260101143400000000_NSE_EQ|INE742F01042,NSE_EQ|INE742F01042,SELL,80.0,1481.99,118.5592,FILLED
2026-01-01T14:35:00,trade_order_20260101143500000000_NSE_EQ|INE742F01042,NSE_EQ|INE742F01042,BUY,80.0,1482.21,118.5768,FILLED
2026-01-01T14:37:00,trade_order_20260101143700000000_NSE_EQ|INE742F01042,NSE_EQ|INE742F01042,SELL,80.0,1481.99,118.5592,FILLED
2026-01-01T14:40:00,trade_order_20260101144000000000_NSE_EQ|INE742F01042,NSE_EQ|INE742F01042,BUY,80.0,1481.91,118.5528,FILLED
2026-01-01T14:41:00,trade_order_20260101144100000000_NSE_EQ|INE742F01042,NSE_EQ|INE742F01042,SELL,80.0,1481.69,118.53520000000002,FILLED
2026-01-01T14:55:00,trade_order_20260101145500000000_NSE_EQ|INE742F01042,NSE_EQ|INE742F01042,BUY,80.0,1481.31,118.50479999999999,FILLED
2026-01-01T15:04:00,trade_order_20260101150400000000_NSE_EQ|INE742F01042,NSE_EQ|INE742F01042,SELL,80.0,1481.49,118.5192,FILLED
2026-01-01T15:14:00,trade_order_20260101151400000000_NSE_EQ|INE742F01042,NSE_EQ|INE742F01042,BUY,80.0,1481.51,118.52080000000001,FILLED
2026-01-01T15:15:00,trade_order_20260101151500000000_NSE_EQ|INE742F01042,NSE_EQ|INE742F01042,SELL,80.0,1480.19,118.41520000000001,FILLED
2026-01-01T15:18:00,trade_order_20260101151800000000_NSE_EQ|INE742F01042,NSE_EQ|INE742F01042,BUY,80.0,1481.41,118.5128,FILLED
2026-01-01T15:25:00,trade_order_20260101152500000000_NSE_EQ|INE742F01042,NSE_EQ|INE742F01042,SELL,80.0,1481.19,118.49520000000001,FILLED
2026-01-02T09:15:00,trade_order_20260102091500000000_NSE_EQ|INE742F01042,NSE_EQ|INE742F01042,BUY,80.0,1485.21,118.8168,FILLED
2026-01-02T09:57:00,trade_order_20260102095700000000_NSE_EQ|INE742F01042,NSE_EQ|INE742F01042,SELL,80.0,1490.29,119.2232,FILLED
2026-01-02T10:05:00,trade_order_20260102100500000000_NSE_EQ|INE742F01042,NSE_EQ|INE742F01042,BUY,80.0,1490.01,119.2008,FILLED
2026-01-02T10:21:00,trade_order_20260102102100000000_NSE_EQ|INE742F01042,NSE_EQ|INE742F01042,SELL,80.0,1491.09,119.2872,FILLED
2026-01-02T10:38:00,trade_order_20260102103800000000_NSE_EQ|INE742F01042,NSE_EQ|INE742F01042,BUY,80.0,1491.21,119.2968,FILLED
2026-01-02T10:45:00,trade_order_20260102104500000000_NSE_EQ|INE742F01042,NSE_EQ|INE742F01042,SELL,80.0,1489.39,119.15120000000002,FILLED
2026-01-02T10:47:00,trade_order_20260102104700000000_NSE_EQ|INE742F01042,NSE_EQ|INE742F01042,BUY,80.0,1490.91,119.2728,FILLED
2026-01-02T10:48:00,trade_order_20260102104800000000_NSE_EQ|INE742F01042,NSE_EQ|INE742F01042,SELL,80.0,1490.39,119.23120000000002,FILLED
2026-01-02T10:50:00,trade_order_20260102105000000000_NSE_EQ|INE742F01042,NSE_EQ|INE742F01042,BUY,80.0,1492.01,119.36080000000001,FILLED
2026-01-02T11:05:00,trade_order_20260102110500000000_NSE_EQ|INE742F01042,NSE_EQ|INE742F01042,SELL,80.0,1491.69,119.33520000000001,FILLED
2026-01-02T11:16:00,trade_order_20260102111600000000_NSE_EQ|INE742F01042,NSE_EQ|INE742F01042,BUY,80.0,1491.91,119.3528,FILLED
2026-01-02T11:26:00,trade_order_20260102112600000000_NSE_EQ|INE742F01042,NSE_EQ|INE742F01042,SELL,80.0,1491.29,119.3032,FILLED
2026-01-02T12:15:00,trade_order_20260102121500000000_NSE_EQ|INE742F01042,NSE_EQ|INE742F01042,BUY,80.0,1489.41,119.1528,FILLED
2026-01-02T12:16:00,trade_order_20260102121600000000_NSE_EQ|INE742F01042,NSE_EQ|INE742F01042,SELL,80.0,1488.99,119.1192,FILLED
2026-01-02T12:18:00,trade_order_20260102121800000000_NSE_EQ|INE742F01042,NSE_EQ|INE742F01042,BUY,80.0,1489.61,119.16879999999999,FILLED
2026-01-02T12:19:00,trade_order_20260102121900000000_NSE_EQ|INE742F01042,NSE_EQ|INE742F01042,SELL,80.0,1489.09,119.1272,FILLED
2026-01-02T12:21:00,trade_order_20260102122100000000_NSE_EQ|INE742F01042,NSE_EQ|INE742F01042,BUY,80.0,1489.61,119.16879999999999,FILLED
2026-01-02T12:22:00,trade_order_20260102122200000000_NSE_EQ|INE742F01042,NSE_EQ|INE742F01042,SELL,80.0,1488.99,119.1192,FILLED
2026-01-02T12:27:00,trade_order_20260102122700000000_NSE_EQ|INE742F01042,NSE_EQ|INE742F01042,BUY,80.0,1489.11,119.12879999999998,FILLED
2026-01-02T12:29:00,trade_order_20260102122900000000_NSE_EQ|INE742F01042,NSE_EQ|INE742F01042,SELL,80.0,1488.99,119.1192,FILLED
2026-01-02T12:30:00,trade_order_20260102123000000000_NSE_EQ|INE742F01042,NSE_EQ|INE742F01042,BUY,80.0,1489.31,119.14479999999999,FILLED
2026-01-02T12:32:00,trade_order_20260102123200000000_NSE_EQ|INE742F01042,NSE_EQ|INE742F01042,SELL,80.0,1488.99,119.1192,FILLED
2026-01-02T12:33:00,trade_order_20260102123300000000_NSE_EQ|INE742F01042,NSE_EQ|INE742F01042,BUY,80.0,1489.91,119.1928,FILLED
2026-01-02T12:42:00,trade_order_20260102124200000000_NSE_EQ|INE742F01042,NSE_EQ|INE742F01042,SELL,80.0,1489.49,119.1592,FILLED
2026-01-02T12:43:00,trade_order_20260102124300000000_NSE_EQ|INE742F01042,NSE_EQ|INE742F01042,BUY,80.0,1489.61,119.16879999999999,FILLED
2026-01-02T12:44:00,trade_order_20260102124400000000_NSE_EQ|INE742F01042,NSE_EQ|INE742F01042,SELL,80.0,1489.09,119.1272,FILLED
2026-01-02T12:45:00,trade_order_20260102124500000000_NSE_EQ|INE742F01042,NSE_EQ|INE742F01042,BUY,80.0,1489.51,119.16080000000001,FILLED
2026-01-02T12:48:00,trade_order_20260102124800000000_NSE_EQ|INE742F01042,NSE_EQ|INE742F01042,SELL,80.0,1489.29,119.1432,FILLED
2026-01-02T12:54:00,trade_order_20260102125400000000_NSE_EQ|INE742F01042,NSE_EQ|INE742F01042,BUY,80.0,1489.61,119.16879999999999,FILLED
2026-01-02T13:01:00,trade_order_20260102130100000000_NSE_EQ|INE742F01042,NSE_EQ|INE742F01042,SELL,80.0,1489.59,119.1672,FILLED
2026-01-02T13:02:00,trade_order_20260102130200000000_NSE_EQ|INE742F01042,NSE_EQ|INE742F01042,BUY,80.0,1489.81,119.1848,FILLED
2026-01-02T13:13:00,trade_order_20260102131300000000_NSE_EQ|INE742F01042,NSE_EQ|INE742F01042,SELL,80.0,1489.49,119.1592,FILLED
2026-01-02T13:25:00,trade_order_20260102132500000000_NSE_EQ|INE742F01042,NSE_EQ|INE742F01042,BUY,80.0,1488.81,119.1048,FILLED
2026-01-02T13:26:00,trade_order_20260102132600000000_NSE_EQ|INE742F01042,NSE_EQ|INE742F01042,SELL,80.0,1487.99,119.0392,FILLED
2026-01-02T13:39:00,trade_order_20260102133900000000_NSE_EQ|INE742F01042,NSE_EQ|INE742F01042,BUY,80.0,1488.01,119.0408,FILLED
2026-01-02T13:42:00,trade_order_20260102134200000000_NSE_EQ|INE742F01042,NSE_EQ|INE742F01042,SELL,80.0,1487.49,118.9992,FILLED
2026-01-02T13:43:00,trade_order_20260102134300000000_NSE_EQ|INE742F01042,NSE_EQ|INE742F01042,BUY,80.0,1487.91,119.03280000000001,FILLED
2026-01-02T13:44:00,trade_order_20260102134400000000_NSE_EQ|INE742F01042,NSE_EQ|INE742F01042,SELL,80.0,1487.39,118.99120000000002,FILLED
2026-01-02T13:46:00,trade_order_20260102134600000000_NSE_EQ|INE742F01042,NSE_EQ|INE742F01042,BUY,80.0,1487.81,119.02479999999998,FILLED
2026-01-02T13:50:00,trade_order_20260102135000000000_NSE_EQ|INE742F01042,NSE_EQ|INE742F01042,SELL,80.0,1487.69,119.01520000000001,FILLED
2026-01-02T13:51:00,trade_order_20260102135100000000_NSE_EQ|INE742F01042,NSE_EQ|INE742F01042,BUY,80.0,1488.01,119.0408,FILLED
2026-01-02T13:59:00,trade_order_20260102135900000000_NSE_EQ|INE742F01042,NSE_EQ|INE742F01042,SELL,80.0,1487.99,119.0392,FILLED
2026-01-02T14:08:00,trade_order_20260102140800000000_NSE_EQ|INE742F01042,NSE_EQ|INE742F01042,BUY,80.0,1487.91,119.03280000000001,FILLED
2026-01-02T14:38:00,trade_order_20260102143800000000_NSE_EQ|INE742F01042,NSE_EQ|INE742F01042,SELL,80.0,1489.09,119.1272,FILLED
2026-01-02T14:51:00,trade_order_20260102145100000000_NSE_EQ|INE742F01042,NSE_EQ|INE742F01042,BUY,80.0,1488.71,119.0968,FILLED
2026-01-02T14:53:00,trade_order_20260102145300000000_NSE_EQ|INE742F01042,NSE_EQ|INE742F01042,SELL,80.0,1487.89,119.03120000000001,FILLED
2026-01-02T14:58:00,trade_order_20260102145800000000_NSE_EQ|INE742F01042,NSE_EQ|INE742F01042,BUY,80.0,1488.71,119.0968,FILLED
2026-01-02T15:14:00,trade_order_20260102151400000000_NSE_EQ|INE742F01042,NSE_EQ|INE742F01042,SELL,80.0,1489.49,119.1592,FILLED
2026-01-02T15:19:00,trade_order_20260102151900000000_NSE_EQ|INE742F01042,NSE_EQ|INE742F01042,BUY,80.0,1489.71,119.1768,FILLED
2026-01-02T15:20:00,trade_order_20260102152000000000_NSE_EQ|INE742F01042,NSE_EQ|INE742F01042,SELL,80.0,1489.19,119.13520000000001,FILLED
2026-01-02T15:28:00,trade_order_20260102152800000000_NSE_EQ|INE742F01042,NSE_EQ|INE742F01042,BUY,80.0,1489.41,119.1528,FILLED
2026-01-05T09:15:00,trade_order_20260105091500000000_NSE_EQ|INE742F01042,NSE_EQ|INE742F01042,SELL,80.0,1488.19,119.05520000000001,FILLED
2026-01-05T09:50:00,trade_order_20260105095000000000_NSE_EQ|INE742F01042,NSE_EQ|INE742F01042,BUY,80.0,1484.01,118.72080000000001,FILLED
2026-01-05T09:52:00,trade_order_20260105095200000000_NSE_EQ|INE742F01042,NSE_EQ|INE742F01042,SELL,80.0,1482.99,118.6392,FILLED
2026-01-05T10:12:00,trade_order_20260105101200000000_NSE_EQ|INE742F01042,NSE_EQ|INE742F01042,BUY,80.0,1481.51,118.52080000000001,FILLED
2026-01-05T10:41:00,trade_order_20260105104100000000_NSE_EQ|INE742F01042,NSE_EQ|INE742F01042,SELL,80.0,1484.89,118.79120000000002,FILLED
2026-01-05T10:45:00,trade_order_20260105104500000000_NSE_EQ|INE742F01042,NSE_EQ|INE742F01042,BUY,80.0,1485.91,118.87280000000001,FILLED
2026-01-05T10:58:00,trade_order_20260105105800000000_NSE_EQ|INE742F01042,NSE_EQ|INE742F01042,SELL,80.0,1485.29,118.8232,FILLED
2026-01-05T11:02:00,trade_order_20260105110200000000_NSE_EQ|INE742F01042,NSE_EQ|INE742F01042,BUY,80.0,1486.61,118.9288,FILLED
2026-01-05T11:05:00,trade_order_20260105110500000000_NSE_EQ|INE742F01042,NSE_EQ|INE742F01042,SELL,80.0,1485.99,118.8792,FILLED
2026-01-05T11:38:00,trade_order_20260105113800000000_NSE_EQ|INE742F01042,NSE_EQ|INE742F01042,BUY,80.0,1483.01,118.6408,FILLED
2026-01-05T11:39:00,trade_order_20260105113900000000_NSE_EQ|INE742F01042,NSE_EQ|INE742F01042,SELL,80.0,1482.59,118.6072,FILLED
2026-01-05T11:40:00,trade_order_20260105114000000000_NSE_EQ|INE742F01042,NSE_EQ|INE742F01042,BUY,80.0,1483.21,118.6568,FILLED
2026-01-05T11:54:00,trade_order_20260105115400000000_NSE_EQ|INE742F01042,NSE_EQ|INE742F01042,SELL,80.0,1483.49,118.6792,FILLED
2026-01-05T11:58:00,trade_order_20260105115800000000_NSE_EQ|INE742F01042,NSE_EQ|INE742F01042,BUY,80.0,1484.51,118.7608,FILLED
2026-01-05T12:01:00,trade_order_20260105120100000000_NSE_EQ|INE742F01042,NSE_EQ|INE742F01042,SELL,80.0,1483.79,118.7032,FILLED
2026-01-05T12:12:00,trade_order_20260105121200000000_NSE_EQ|INE742F01042,NSE_EQ|INE742F01042,BUY,80.0,1484.81,118.78479999999999,FILLED
2026-01-05T12:39:00,trade_order_20260105123900000000_NSE_EQ|INE742F01042,NSE_EQ|INE742F01042,SELL,80.0,1486.59,118.9272,FILLED
2026-01-05T12:41:00,trade_order_20260105124100000000_NSE_EQ|INE742F01042,NSE_EQ|INE742F01042,BUY,80.0,1488.41,119.0728,FILLED
2026-01-05T13:08:00,trade_order_20260105130800000000_NSE_EQ|INE742F01042,NSE_EQ|INE742F01042,SELL,80.0,1492.99,119.4392,FILLED
2026-01-05T13:09:00,trade_order_20260105130900000000_NSE_EQ|INE742F01042,NSE_EQ|INE742F01042,BUY,80.0,1493.61,119.4888,FILLED
2026-01-05T13:10:00,trade_order_20260105131000000000_NSE_EQ|INE742F01042,NSE_EQ|INE742F01042,SELL,80.0,1493.19,119.45520000000002,FILLED
2026-01-05T13:24:00,trade_order_20260105132400000000_NSE_EQ|INE742F01042,NSE_EQ|INE742F01042,BUY,80.0,1493.31,119.4648,FILLED
2026-01-05T13:28:00,trade_order_20260105132800000000_NSE_EQ|INE742F01042,NSE_EQ|INE742F01042,SELL,80.0,1491.99,119.3592,FILLED
2026-01-05T13:33:00,trade_order_20260105133300000000_NSE_EQ|INE742F01042,NSE_EQ|INE742F01042,BUY,80.0,1493.41,119.4728,FILLED
2026-01-05T13:37:00,trade_order_20260105133700000000_NSE_EQ|INE742F01042,NSE_EQ|INE742F01042,SELL,80.0,1492.29,119.3832,FILLED
2026-01-05T13:38:00,trade_order_20260105133800000000_NSE_EQ|INE742F01042,NSE_EQ|INE742F01042,BUY,80.0,1493.01,119.44080000000001,FILLED
2026-01-05T13:47:00,trade_order_20260105134700000000_NSE_EQ|INE742F01042,NSE_EQ|INE742F01042,SELL,80.0,1492.89,119.43120000000002,FILLED
2026-01-05T14:11:00,trade_order_20260105141100000000_NSE_EQ|INE742F01042,NSE_EQ|INE742F01042,BUY,80.0,1490.31,119.22479999999999,FILLED
2026-01-05T14:14:00,trade_order_20260105141400000000_NSE_EQ|INE742F01042,NSE_EQ|INE742F01042,SELL,80.0,1489.79,119.1832,FILLED
2026-01-05T14:15:00,trade_order_20260105141500000000_NSE_EQ|INE742F01042,NSE_EQ|INE742F01042,BUY,80.0,1490.51,119.24080000000001,FILLED
2026-01-05T14:21:00,trade_order_20260105142100000000_NSE_EQ|INE742F01042,NSE_EQ|INE742F01042,SELL,80.0,1490.29,119.2232,FILLED
2026-01-05T14:22:00,trade_order_20260105142200000000_NSE_EQ|INE742F01042,NSE_EQ|INE742F01042,BUY,80.0,1490.61,119.24879999999999,FILLED
2026-01-05T14:38:00,trade_order_20260105143800000000_NSE_EQ|INE742F01042,NSE_EQ|INE742F01042,SELL,80.0,1491.09,119.2872,FILLED
2026-01-05T14:46:00,trade_order_20260105144600000000_NSE_EQ|INE742F01042,NSE_EQ|INE742F01042,BUY,80.0,1491.81,119.34479999999999,FILLED
2026-01-05T14:47:00,trade_order_20260105144700000000_NSE_EQ|INE742F01042,NSE_EQ|INE742F01042,SELL,80.0,1491.39,119.31120000000001,FILLED
2026-01-05T14:49:00,trade_order_20260105144900000000_NSE_EQ|INE742F01042,NSE_EQ|INE742F01042,BUY,80.0,1491.51,119.3208,FILLED
2026-01-05T14:56:00,trade_order_20260105145600000000_NSE_EQ|INE742F01042,NSE_EQ|INE742F01042,SELL,80.0,1491.79,119.3432,FILLED
2026-01-05T14:57:00,trade_order_20260105145700000000_NSE_EQ|INE742F01042,NSE_EQ|INE742F01042,BUY,80.0,1492.81,119.42479999999999,FILLED
2026-01-05T15:08:00,trade_order_20260105150800000000_NSE_EQ|INE742F01042,NSE_EQ|INE742F01042,SELL,80.0,1493.59,119.4872,FILLED
2026-01-05T15:25:00,trade_order_20260105152500000000_NSE_EQ|INE742F01042,NSE_EQ|INE742F01042,BUY,80.0,1492.91,119.4328,FILLED
2026-01-05T15:27:00,trade_order_20260105152700000000_NSE_EQ|INE742F01042,NSE_EQ|INE742F01042,SELL,80.0,1491.49,119.3192,FILLED
2026-01-06T09:48:00,trade_order_20260106094800000000_NSE_EQ|INE742F01042,NSE_EQ|INE742F01042,BUY,80.0,1479.81,118.38479999999998,FILLED
2026-01-06T09:49:00,trade_order_20260106094900000000_NSE_EQ|INE742F01042,NSE_EQ|INE742F01042,SELL,80.0,1479.29,118.3432,FILLED
2026-01-06T10:00:00,trade_order_20260106100000000000_NSE_EQ|INE742F01042,NSE_EQ|INE742F01042,BUY,80.0,1479.51,118.36080000000001,FILLED
2026-01-06T10:01:00,trade_order_20260106100100000000_NSE_EQ|INE742F01042,NSE_EQ|INE742F01042,SELL,80.0,1478.49,118.2792,FILLED
2026-01-06T10:15:00,trade_order_20260106101500000000_NSE_EQ|INE742F01042,NSE_EQ|INE742F01042,BUY,80.0,1478.41,118.2728,FILLED
2026-01-06T10:20:00,trade_order_20260106102000000000_NSE_EQ|INE742F01042,NSE_EQ|INE742F01042,SELL,80.0,1478.39,118.27120000000001,FILLED
2026-01-06T10:24:00,trade_order_20260106102400000000_NSE_EQ|INE742F01042,NSE_EQ|INE742F01042,BUY,80.0,1479.31,118.34479999999999,FILLED
2026-01-06T10:56:00,trade_order_20260106105600000000_NSE_EQ|INE742F01042,NSE_EQ|INE742F01042,SELL,80.0,1481.99,118.5592,FILLED
2026-01-06T11:04:00,trade_order_20260106110400000000_NSE_EQ|INE742F01042,NSE_EQ|INE742F01042,BUY,80.0,1482.01,118.5608,FILLED
2026-01-06T11:20:00,trade_order_20260106112000000000_NSE_EQ|INE742F01042,NSE_EQ|INE742F01042,SELL,80.0,1481.99,118.5592,FILLED
2026-01-06T11:33:00,trade_order_20260106113300000000_NSE_EQ|INE742F01042,NSE_EQ|INE742F01042,BUY,80.0,1480.71,118.4568,FILLED
2026-01-06T11:35:00,trade_order_20260106113500000000_NSE_EQ|INE742F01042,NSE_EQ|INE742F01042,SELL,80.0,1479.99,118.3992,FILLED
2026-01-06T11:43:00,trade_order_20260106114300000000_NSE_EQ|INE742F01042,NSE_EQ|INE742F01042,BUY,80.0,1481.31,118.50479999999999,FILLED
2026-01-06T11:48:00,trade_order_20260106114800000000_NSE_EQ|INE742F01042,NSE_EQ|INE742F01042,SELL,80.0,1480.49,118.4392,FILLED
2026-01-06T12:21:00,trade_order_20260106122100000000_NSE_EQ|INE742F01042,NSE_EQ|INE742F01042,BUY,80.0,1478.41,118.2728,FILLED
2026-01-06T12:25:00,trade_order_20260106122500000000_NSE_EQ|INE742F01042,NSE_EQ|INE742F01042,SELL,80.0,1477.99,118.2392,FILLED
2026-01-06T12:26:00,trade_order_20260106122600000000_NSE_EQ|INE742F01042,NSE_EQ|INE742F01042,BUY,80.0,1478.41,118.2728,FILLED
2026-01-06T12:34:00,trade_order_20260106123400000000_NSE_EQ|INE742F01042,NSE_EQ|INE742F01042,SELL,80.0,1478.59,118.2872,FILLED
2026-01-06T12:35:00,trade_order_20260106123500000000_NSE_EQ|INE742F01042,NSE_EQ|INE742F01042,BUY,80.0,1478.91,118.31280000000001,FILLED
2026-01-06T12:49:00,trade_order_20260106124900000000_NSE_EQ|INE742F01042,NSE_EQ|INE742F01042,SELL,80.0,1479.99,118.3992,FILLED
2026-01-06T12:50:00,trade_order_20260106125000000000_NSE_EQ|INE742F01042,NSE_EQ|INE742F01042,BUY,80.0,1480.71,118.4568,FILLED
2026-01-06T12:53:00,trade_order_20260106125300000000_NSE_EQ|INE742F01042,NSE_EQ|INE742F01042,SELL,80.0,1480.09,118.4072,FILLED
2026-01-06T13:08:00,trade_order_20260106130800000000_NSE_EQ|INE742F01042,NSE_EQ|INE742F01042,BUY,80.0,1479.71,118.3768,FILLED
2026-01-06T13:09:00,trade_order_20260106130900000000_NSE_EQ|INE742F01042,NSE_EQ|INE742F01042,SELL,80.0,1479.29,118.3432,FILLED
2026-01-06T13:15:00,trade_order_20260106131500000000_NSE_EQ|INE742F01042,NSE_EQ|INE742F01042,BUY,80.0,1479.11,118.32879999999999,FILLED
2026-01-06T13:53:00,trade_order_20260106135300000000_NSE_EQ|INE742F01042,NSE_EQ|INE742F01042,SELL,80.0,1482.69,118.61520000000002,FILLED
2026-01-06T13:56:00,trade_order_20260106135600000000_NSE_EQ|INE742F01042,NSE_EQ|INE742F01042,BUY,80.0,1483.01,118.6408,FILLED
2026-01-06T13:57:00,trade_order_20260106135700000000_NSE_EQ|INE742F01042,NSE_EQ|INE742F01042,SELL,80.0,1482.69,118.61520000000002,FILLED
2026-01-06T14:50:00,trade_order_20260106145000000000_NSE_EQ|INE742F01042,NSE_EQ|INE742F01042,BUY,80.0,1473.61,117.88879999999999,FILLED
2026-01-06T14:52:00,trade_order_20260106145200000000_NSE_EQ|INE742F01042,NSE_EQ|INE742F01042,SELL,80.0,1472.39,117.79120000000002,FILLED
2026-01-06T14:55:00,trade_order_20260106145500000000_NSE_EQ|INE742F01042,NSE_EQ|INE742F01042,BUY,80.0,1472.91,117.8328,FILLED
2026-01-06T15:04:00,trade_order_20260106150400000000_NSE_EQ|INE742F01042,NSE_EQ|INE742F01042,SELL,80.0,1473.29,117.8632,FILLED
2026-01-06T15:07:00,trade_order_20260106150700000000_NSE_EQ|INE742F01042,NSE_EQ|INE742F01042,BUY,80.0,1473.31,117.86479999999999,FILLED
2026-01-06T15:08:00,trade_order_20260106150800000000_NSE_EQ|INE742F01042,NSE_EQ|INE742F01042,SELL,80.0,1472.99,117.8392,FILLED
2026-01-06T15:22:00,trade_order_20260106152200000000_NSE_EQ|INE742F01042,NSE_EQ|INE742F01042,BUY,80.0,1475.31,118.02479999999998,FILLED
2026-01-07T09:16:00,trade_order_20260107091600000000_NSE_EQ|INE742F01042,NSE_EQ|INE742F01042,SELL,80.0,1473.49,117.8792,FILLED
2026-01-07T09:19:00,trade_order_20260107091900000000_NSE_EQ|INE742F01042,NSE_EQ|INE742F01042,BUY,80.0,1474.41,117.95280000000001,FILLED
2026-01-07T09:28:00,trade_order_20260107092800000000_NSE_EQ|INE742F01042,NSE_EQ|INE742F01042,SELL,80.0,1474.89,117.99120000000002,FILLED
2026-01-07T09:29:00,trade_order_20260107092900000000_NSE_EQ|INE742F01042,NSE_EQ|INE742F01042,BUY,80.0,1476.51,118.1208,FILLED
2026-01-07T09:45:00,trade_order_20260107094500000000_NSE_EQ|INE742F01042,NSE_EQ|INE742F01042,SELL,80.0,1477.69,118.21520000000001,FILLED
2026-01-07T09:57:00,trade_order_20260107095700000000_NSE_EQ|INE742F01042,NSE_EQ|INE742F01042,BUY,80.0,1476.81,118.14479999999999,FILLED
2026-01-07T10:09:00,trade_order_20260107100900000000_NSE_EQ|INE742F01042,NSE_EQ|INE742F01042,SELL,80.0,1476.89,118.15120000000002,FILLED
2026-01-07T10:10:00,trade_order_20260107101000000000_NSE_EQ|INE742F01042,NSE_EQ|INE742F01042,BUY,80.0,1477.71,118.2168,FILLED
2026-01-07T10:12:00,trade_order_20260107101200000000_NSE_EQ|INE742F01042,NSE_EQ|INE742F01042,SELL,80.0,1477.19,118.17520000000002,FILLED
2026-01-07T10:13:00,trade_order_20260107101300000000_NSE_EQ|INE742F01042,NSE_EQ|INE742F01042,BUY,80.0,1478.01,118.24080000000001,FILLED
2026-01-07T10:16:00,trade_order_20260107101600000000_NSE_EQ|INE742F01042,NSE_EQ|INE742F01042,SELL,80.0,1476.59,118.1272,FILLED
2026-01-07T10:40:00,trade_order_20260107104000000000_NSE_EQ|INE742F01042,NSE_EQ|INE742F01042,BUY,80.0,1472.91,117.8328,FILLED
2026-01-07T10:44:00,trade_order_20260107104400000000_NSE_EQ|INE742F01042,NSE_EQ|INE742F01042,SELL,80.0,1471.79,117.7432,FILLED
2026-01-07T10:51:00,trade_order_20260107105100000000_NSE_EQ|INE742F01042,NSE_EQ|INE742F01042,BUY,80.0,1472.81,117.8248,FILLED
2026-01-07T10:57:00,trade_order_20260107105700000000_NSE_EQ|INE742F01042,NSE_EQ|INE742F01042,SELL,80.0,1472.39,117.79120000000002,FILLED
2026-01-07T11:08:00,trade_order_20260107110800000000_NSE_EQ|INE742F01042,NSE_EQ|INE742F01042,BUY,80.0,1471.81,117.7448,FILLED
2026-01-07T11:09:00,trade_order_20260107110900000000_NSE_EQ|INE742F01042,NSE_EQ|INE742F01042,SELL,80.0,1471.19,117.69520000000001,FILLED
2026-01-07T11:26:00,trade_order_20260107112600000000_NSE_EQ|INE742F01042,NSE_EQ|INE742F01042,BUY,80.0,1469.61,117.5688,FILLED
2026-01-07T11:29:00,trade_order_20260107112900000000_NSE_EQ|INE742F01042,NSE_EQ|INE742F01042,SELL,80.0,1468.99,117.5192,FILLED
2026-01-07T12:26:00,trade_order_20260107122600000000_NSE_EQ|INE742F01042,NSE_EQ|INE742F01042,BUY,80.0,1462.51,117.00080000000001,FILLED
2026-01-07T12:27:00,trade_order_20260107122700000000_NSE_EQ|INE742F01042,NSE_EQ|INE742F01042,SELL,80.0,1461.99,116.9592,FILLED
2026-01-07T12:47:00,trade_order_20260107124700000000_NSE_EQ|INE742F01042,NSE_EQ|INE742F01042,BUY,80.0,1460.51,116.8408,FILLED
2026-01-07T12:48:00,trade_order_20260107124800000000_NSE_EQ|INE742F01042,NSE_EQ|INE742F01042,SELL,80.0,1460.19,116.81520000000002,FILLED
2026-01-07T12:49:00,trade_order_20260107124900000000_NSE_EQ|INE742F01042,NSE_EQ|INE742F01042,BUY,80.0,1460.71,116.8568,FILLED
2026-01-07T13:15:00,trade_order_20260107131500000000_NSE_EQ|INE742F01042,NSE_EQ|INE742F01042,SELL,80.0,1462.19,116.97520000000002,FILLED
2026-01-07T13:17:00,trade_order_20260107131700000000_NSE_EQ|INE742F01042,NSE_EQ|INE742F01042,BUY,80.0,1462.81,117.02479999999998,FILLED
2026-01-07T13:19:00,trade_order_20260107131900000000_NSE_EQ|INE742F01042,NSE_EQ|INE742F01042,SELL,80.0,1461.19,116.89520000000002,FILLED
2026-01-07T13:25:00,trade_order_20260107132500000000_NSE_EQ|INE742F01042,NSE_EQ|INE742F01042,BUY,80.0,1462.31,116.98479999999999,FILLED
2026-01-07T13:27:00,trade_order_20260107132700000000_NSE_EQ|INE742F01042,NSE_EQ|INE742F01042,SELL,80.0,1461.99,116.9592,FILLED
2026-01-07T13:28:00,trade_order_20260107132800000000_NSE_EQ|INE742F01042,NSE_EQ|INE742F01042,BUY,80.0,1462.51,117.00080000000001,FILLED
2026-01-07T13:34:00,trade_order_20260107133400000000_NSE_EQ|INE742F01042,NSE_EQ|INE742F01042,SELL,80.0,1461.99,116.9592,FILLED
2026-01-07T13:35:00,trade_order_20260107133500000000_NSE_EQ|INE742F01042,NSE_EQ|INE742F01042,BUY,80.0,1462.61,117.0088,FILLED
2026-01-07T13:40:00,trade_order_20260107134000000000_NSE_EQ|INE742F01042,NSE_EQ|INE742F01042,SELL,80.0,1462.39,116.99120000000002,FILLED
2026-01-07T13:41:00,trade_order_20260107134100000000_NSE_EQ|INE742F01042,NSE_EQ|INE742F01042,BUY,80.0,1462.91,117.03280000000001,FILLED
2026-01-07T14:11:00,trade_order_20260107141100000000_NSE_EQ|INE742F01042,NSE_EQ|INE742F01042,SELL,80.0,1464.99,117.1992,FILLED
2026-01-07T14:35:00,trade_order_20260107143500000000_NSE_EQ|INE742F01042,NSE_EQ|INE742F01042,BUY,80.0,1464.01,117.1208,FILLED
2026-01-07T15:00:00,trade_order_20260107150000000000_NSE_EQ|INE742F01042,NSE_EQ|INE742F01042,SELL,80.0,1465.49,117.2392,FILLED
2026-01-07T15:01:00,trade_order_20260107150100000000_NSE_EQ|INE742F01042,NSE_EQ|INE742F01042,BUY,80.0,1465.81,117.2648,FILLED
2026-01-07T15:03:00,trade_order_20260107150300000000_NSE_EQ|INE742F01042,NSE_EQ|INE742F01042,SELL,80.0,1465.19,117.21520000000001,FILLED
2026-01-07T15:05:00,trade_order_20260107150500000000_NSE_EQ|INE742F01042,NSE_EQ|INE742F01042,BUY,80.0,1465.81,117.2648,FILLED
2026-01-07T15:08:00,trade_order_20260107150800000000_NSE_EQ|INE742F01042,NSE_EQ|INE742F01042,SELL,80.0,1465.39,117.23120000000002,FILLED
2026-01-07T15:09:00,trade_order_20260107150900000000_NSE_EQ|INE742F01042,NSE_EQ|INE742F01042,BUY,80.0,1465.61,117.24879999999999,FILLED
2026-01-07T15:10:00,trade_order_20260107151000000000_NSE_EQ|INE742F01042,NSE_EQ|INE742F01042,SELL,80.0,1465.39,117.23120000000002,FILLED
2026-01-07T15:12:00,trade_order_20260107151200000000_NSE_EQ|INE742F01042,NSE_EQ|INE742F01042,BUY,80.0,1465.61,117.24879999999999,FILLED
2026-01-07T15:16:00,trade_order_20260107151600000000_NSE_EQ|INE742F01042,NSE_EQ|INE742F01042,SELL,80.0,1465.19,117.21520000000001,FILLED
2026-01-08T09:15:00,trade_order_20260108091500000000_NSE_EQ|INE742F01042,NSE_EQ|INE742F01042,BUY,80.0,1470.01,117.6008,FILLED
2026-01-08T10:08:00,trade_order_20260108100800000000_NSE_EQ|INE742F01042,NSE_EQ|INE742F01042,SELL,80.0,1483.89,118.71120000000002,FILLED
2026-01-08T10:23:00,trade_order_20260108102300000000_NSE_EQ|INE742F01042,NSE_EQ|INE742F01042,BUY,80.0,1484.01,118.72080000000001,FILLED
2026-01-08T10:37:00,trade_order_20260108103700000000_NSE_EQ|INE742F01042,NSE_EQ|INE742F01042,SELL,80.0,1485.49,118.8392,FILLED
2026-01-08T10:50:00,trade_order_20260108105000000000_NSE_EQ|INE742F01042,NSE_EQ|INE742F01042,BUY,80.0,1484.81,118.78479999999999,FILLED
2026-01-08T11:02:00,trade_order_20260108110200000000_NSE_EQ|INE742F01042,NSE_EQ|INE742F01042,SELL,80.0,1485.19,118.81520000000002,FILLED
2026-01-08T11:36:00,trade_order_20260108113600000000_NSE_EQ|INE742F01042,NSE_EQ|INE742F01042,BUY,80.0,1479.21,118.33680000000001,FILLED
2026-01-08T11:46:00,trade_order_20260108114600000000_NSE_EQ|INE742F01042,NSE_EQ|INE742F01042,SELL,80.0,1477.99,118.2392,FILLED
2026-01-08T12:14:00,trade_order_20260108121400000000_NSE_EQ|INE742F01042,NSE_EQ|INE742F01042,BUY,80.0,1471.61,117.72879999999999,FILLED
2026-01-08T12:31:00,trade_order_20260108123100000000_NSE_EQ|INE742F01042,NSE_EQ|INE742F01042,SELL,80.0,1472.89,117.83120000000001,FILLED
2026-01-08T12:44:00,trade_order_20260108124400000000_NSE_EQ|INE742F01042,NSE_EQ|INE742F01042,BUY,80.0,1471.91,117.75280000000001,FILLED
2026-01-08T12:45:00,trade_order_20260108124500000000_NSE_EQ|INE742F01042,NSE_EQ|INE742F01042,SELL,80.0,1471.69,117.73520000000002,FILLED
2026-01-08T12:57:00,trade_order_20260108125700000000_NSE_EQ|INE742F01042,NSE_EQ|INE742F01042,BUY,80.0,1470.81,117.66479999999999,FILLED
2026-01-08T12:59:00,trade_order_20260108125900000000_NSE_EQ|INE742F01042,NSE_EQ|INE742F01042,SELL,80.0,1470.19,117.61520000000002,FILLED
2026-01-08T13:04:00,trade_order_20260108130400000000_NSE_EQ|INE742F01042,NSE_EQ|INE742F01042,BUY,80.0,1471.91,117.75280000000001,FILLED
2026-01-08T13:08:00,trade_order_20260108130800000000_NSE_EQ|INE742F01042,NSE_EQ|INE742F01042,SELL,80.0,1470.39,117.63120000000002,FILLED
2026-01-08T13:09:00,trade_order_20260108130900000000_NSE_EQ|INE742F01042,NSE_EQ|INE742F01042,BUY,80.0,1471.01,117.6808,FILLED
2026-01-08T13:12:00,trade_order_20260108131200000000_NSE_EQ|INE742F01042,NSE_EQ|INE742F01042,SELL,80.0,1470.59,117.6472,FILLED
2026-01-08T13:21:00,trade_order_20260108132100000000_NSE_EQ|INE742F01042,NSE_EQ|INE742F01042,BUY,80.0,1471.31,117.70479999999999,FILLED
2026-01-08T13:24:00,trade_order_20260108132400000000_NSE_EQ|INE742F01042,NSE_EQ|INE742F01042,SELL,80.0,1470.19,117.61520000000002,FILLED
2026-01-08T13:27:00,trade_order_20260108132700000000_NSE_EQ|INE742F01042,NSE_EQ|INE742F01042,BUY,80.0,1470.61,117.6488,FILLED
2026-01-08T13:28:00,trade_order_20260108132800000000_NSE_EQ|INE742F01042,NSE_EQ|INE742F01042,SELL,80.0,1469.49,117.5592,FILLED
2026-01-08T13:32:00,trade_order_20260108133200000000_NSE_EQ|INE742F01042,NSE_EQ|INE742F01042,BUY,80.0,1470.31,117.6248,FILLED
2026-01-08T13:35:00,trade_order_20260108133500000000_NSE_EQ|INE742F01042,NSE_EQ|INE742F01042,SELL,80.0,1469.29,117.5432,FILLED
2026-01-08T13:44:00,trade_order_20260108134400000000_NSE_EQ|INE742F01042,NSE_EQ|INE742F01042,BUY,80.0,1469.11,117.52879999999999,FILLED
2026-01-08T14:03:00,trade_order_20260108140300000000_NSE_EQ|INE742F01042,NSE_EQ|INE742F01042,SELL,80.0,1471.19,117.69520000000001,FILLED
2026-01-08T14:06:00,trade_order_20260108140600000000_NSE_EQ|INE742F01042,NSE_EQ|INE742F01042,BUY,80.0,1471.91,117.75280000000001,FILLED
2026-01-08T14:08:00,trade_order_20260108140800000000_NSE_EQ|INE742F01042,NSE_EQ|INE742F01042,SELL,80.0,1470.79,117.6632,FILLED
2026-01-08T14:16:00,trade_order_20260108141600000000_NSE_EQ|INE742F01042,NSE_EQ|INE742F01042,BUY,80.0,1471.51,117.72080000000001,FILLED
2026-01-08T14:19:00,trade_order_20260108141900000000_NSE_EQ|INE742F01042,NSE_EQ|INE742F01042,SELL,80.0,1470.89,117.67120000000001,FILLED
2026-01-08T14:21:00,trade_order_20260108142100000000_NSE_EQ|INE742F01042,NSE_EQ|INE742F01042,BUY,80.0,1471.51,117.72080000000001,FILLED
2026-01-08T14:23:00,trade_order_20260108142300000000_NSE_EQ|INE742F01042,NSE_EQ|INE742F01042,SELL,80.0,1471.29,117.7032,FILLED
2026-01-08T14:33:00,trade_order_20260108143300000000_NSE_EQ|INE742F01042,NSE_EQ|INE742F01042,BUY,80.0,1470.61,117.6488,FILLED
2026-01-08T14:34:00,trade_order_20260108143400000000_NSE_EQ|INE742F01042,NSE_EQ|INE742F01042,SELL,80.0,1469.99,117.5992,FILLED
2026-01-08T14:35:00,trade_order_20260108143500000000_NSE_EQ|INE742F01042,NSE_EQ|INE742F01042,BUY,80.0,1470.31,117.6248,FILLED
2026-01-08T14:39:00,trade_order_20260108143900000000_NSE_EQ|INE742F01042,NSE_EQ|INE742F01042,SELL,80.0,1470.09,117.6072,FILLED
2026-01-08T14:42:00,trade_order_20260108144200000000_NSE_EQ|INE742F01042,NSE_EQ|INE742F01042,BUY,80.0,1470.51,117.6408,FILLED
2026-01-08T15:00:00,trade_order_20260108150000000000_NSE_EQ|INE742F01042,NSE_EQ|INE742F01042,SELL,80.0,1470.09,117.6072,FILLED
2026-01-09T09:47:00,trade_order_20260109094700000000_NSE_EQ|INE742F01042,NSE_EQ|INE742F01042,BUY,80.0,1447.91,115.8328,FILLED
2026-01-09T10:03:00,trade_order_20260109100300000000_NSE_EQ|INE742F01042,NSE_EQ|INE742F01042,SELL,80.0,1449.69,115.97520000000002,FILLED
2026-01-09T10:07:00,trade_order_20260109100700000000_NSE_EQ|INE742F01042,NSE_EQ|INE742F01042,BUY,80.0,1450.91,116.0728,FILLED
2026-01-09T10:09:00,trade_order_20260109100900000000_NSE_EQ|INE742F01042,NSE_EQ|INE742F01042,SELL,80.0,1449.69,115.97520000000002,FILLED
2026-01-09T10:23:00,trade_order_20260109102300000000_NSE_EQ|INE742F01042,NSE_EQ|INE742F01042,BUY,80.0,1449.41,115.95280000000001,FILLED
2026-01-09T10:33:00,trade_order_20260109103300000000_NSE_EQ|INE742F01042,NSE_EQ|INE742F01042,SELL,80.0,1448.59,115.88719999999999,FILLED
2026-01-09T10:35:00,trade_order_20260109103500000000_NSE_EQ|INE742F01042,NSE_EQ|INE742F01042,BUY,80.0,1449.21,115.9368,FILLED
2026-01-09T10:36:00,trade_order_20260109103600000000_NSE_EQ|INE742F01042,NSE_EQ|INE742F01042,SELL,80.0,1446.69,115.73520000000002,FILLED
2026-01-09T10:40:00,trade_order_20260109104000000000_NSE_EQ|INE742F01042,NSE_EQ|INE742F01042,BUY,80.0,1449.51,115.9608,FILLED
2026-01-09T10:52:00,trade_order_20260109105200000000_NSE_EQ|INE742F01042,NSE_EQ|INE742F01042,SELL,80.0,1450.89,116.07120000000002,FILLED
2026-01-09T10:59:00,trade_order_20260109105900000000_NSE_EQ|INE742F01042,NSE_EQ|INE742F01042,BUY,80.0,1451.11,116.08879999999999,FILLED
2026-01-09T11:00:00,trade_order_20260109110000000000_NSE_EQ|INE742F01042,NSE_EQ|INE742F01042,SELL,80.0,1450.69,116.05520000000001,FILLED
2026-01-09T11:05:00,trade_order_20260109110500000000_NSE_EQ|INE742F01042,NSE_EQ|INE742F01042,BUY,80.0,1450.51,116.0408,FILLED
2026-01-09T11:14:00,trade_order_20260109111400000000_NSE_EQ|INE742F01042,NSE_EQ|INE742F01042,SELL,80.0,1450.89,116.07120000000002,FILLED
2026-01-09T12:02:00,trade_order_20260109120200000000_NSE_EQ|INE742F01042,NSE_EQ|INE742F01042,BUY,80.0,1440.51,115.24080000000001,FILLED
2026-01-09T12:03:00,trade_order_20260109120300000000_NSE_EQ|INE742F01042,NSE_EQ|INE742F01042,SELL,80.0,1439.39,115.15120000000002,FILLED
2026-01-09T12:04:00,trade_order_20260109120400000000_NSE_EQ|INE742F01042,NSE_EQ|INE742F01042,BUY,80.0,1440.61,115.24879999999999,FILLED
2026-01-09T12:05:00,trade_order_20260109120500000000_NSE_EQ|INE742F01042,NSE_EQ|INE742F01042,SELL,80.0,1439.59,115.1672,FILLED
2026-01-09T12:08:00,trade_order_20260109120800000000_NSE_EQ|INE742F01042,NSE_EQ|INE742F01042,BUY,80.0,1439.61,115.16879999999999,FILLED
2026-01-09T12:09:00,trade_order_20260109120900000000_NSE_EQ|INE742F01042,NSE_EQ|INE742F01042,SELL,80.0,1438.79,115.1032,FILLED
2026-01-09T12:15:00,trade_order_20260109121500000000_NSE_EQ|INE742F01042,NSE_EQ|INE742F01042,BUY,80.0,1440.01,115.2008,FILLED
2026-01-09T12:29:00,trade_order_20260109122900000000_NSE_EQ|INE742F01042,NSE_EQ|INE742F01042,SELL,80.0,1439.29,115.1432,FILLED
2026-01-09T12:30:00,trade_order_20260109123000000000_NSE_EQ|INE742F01042,NSE_EQ|INE742F01042,BUY,80.0,1442.71,115.41680000000001,FILLED
2026-01-09T12:37:00,trade_order_20260109123700000000_NSE_EQ|INE742F01042,NSE_EQ|INE742F01042,SELL,80.0,1440.39,115.23120000000002,FILLED
2026-01-09T12:38:00,trade_order_20260109123800000000_NSE_EQ|INE742F01042,NSE_EQ|INE742F01042,BUY,80.0,1442.21,115.3768,FILLED
2026-01-09T12:41:00,trade_order_20260109124100000000_NSE_EQ|INE742F01042,NSE_EQ|INE742F01042,SELL,80.0,1441.39,115.31120000000001,FILLED
2026-01-09T12:45:00,trade_order_20260109124500000000_NSE_EQ|INE742F01042,NSE_EQ|INE742F01042,BUY,80.0,1441.81,115.34479999999999,FILLED
2026-01-09T12:48:00,trade_order_20260109124800000000_NSE_EQ|INE742F01042,NSE_EQ|INE742F01042,SELL,80.0,1441.49,115.3192,FILLED
2026-01-09T12:51:00,trade_order_20260109125100000000_NSE_EQ|INE742F01042,NSE_EQ|INE742F01042,BUY,80.0,1441.71,115.33680000000001,FILLED
2026-01-09T13:01:00,trade_order_20260109130100000000_NSE_EQ|INE742F01042,NSE_EQ|INE742F01042,SELL,80.0,1442.39,115.39120000000001,FILLED
2026-01-09T13:19:00,trade_order_20260109131900000000_NSE_EQ|INE742F01042,NSE_EQ|INE742F01042,BUY,80.0,1441.11,115.2888,FILLED
2026-01-09T13:20:00,trade_order_20260109132000000000_NSE_EQ|INE742F01042,NSE_EQ|INE742F01042,SELL,80.0,1440.59,115.2472,FILLED
2026-01-09T13:21:00,trade_order_20260109132100000000_NSE_EQ|INE742F01042,NSE_EQ|INE742F01042,BUY,80.0,1441.71,115.33680000000001,FILLED
2026-01-09T13:43:00,trade_order_20260109134300000000_NSE_EQ|INE742F01042,NSE_EQ|INE742F01042,SELL,80.0,1444.99,115.5992,FILLED
2026-01-09T13:50:00,trade_order_20260109135000000000_NSE_EQ|INE742F01042,NSE_EQ|INE742F01042,BUY,80.0,1445.31,115.6248,FILLED
2026-01-09T13:52:00,trade_order_20260109135200000000_NSE_EQ|INE742F01042,NSE_EQ|INE742F01042,SELL,80.0,1444.19,115.53520000000002,FILLED
2026-01-09T13:58:00,trade_order_20260109135800000000_NSE_EQ|INE742F01042,NSE_EQ|INE742F01042,BUY,80.0,1445.11,115.60879999999999,FILLED
2026-01-09T14:03:00,trade_order_20260109140300000000_NSE_EQ|INE742F01042,NSE_EQ|INE742F01042,SELL,80.0,1444.29,115.5432,FILLED
2026-01-09T14:43:00,trade_order_20260109144300000000_NSE_EQ|INE742F01042,NSE_EQ|INE742F01042,BUY,80.0,1438.71,115.0968,FILLED
2026-01-09T15:00:00,trade_order_20260109150000000000_NSE_EQ|INE742F01042,NSE_EQ|INE742F01042,SELL,80.0,1439.59,115.1672,FILLED
2026-01-09T15:25:00,trade_order_20260109152500000000_NSE_EQ|INE742F01042,NSE_EQ|INE742F01042,BUY,80.0,1435.61,114.8488,FILLED
2026-01-09T15:26:00,trade_order_20260109152600000000_NSE_EQ|INE742F01042,NSE_EQ|INE742F01042,SELL,80.0,1434.99,114.7992,FILLED
2026-01-12T09:38:00,trade_order_20260112093800000000_NSE_EQ|INE742F01042,NSE_EQ|INE742F01042,BUY,80.0,1421.71,113.7368,FILLED
2026-01-12T09:39:00,trade_order_20260112093900000000_NSE_EQ|INE742F01042,NSE_EQ|INE742F01042,SELL,80.0,1419.69,113.57520000000001,FILLED
2026-01-12T09:49:00,trade_order_20260112094900000000_NSE_EQ|INE742F01042,NSE_EQ|INE742F01042,BUY,80.0,1418.71,113.49680000000001,FILLED
2026-01-12T09:58:00,trade_order_20260112095800000000_NSE_EQ|INE742F01042,NSE_EQ|INE742F01042,SELL,80.0,1419.09,113.5272,FILLED
2026-01-12T10:04:00,trade_order_20260112100400000000_NSE_EQ|INE742F01042,NSE_EQ|INE742F01042,BUY,80.0,1421.81,113.74479999999998,FILLED
2026-01-12T10:13:00,trade_order_20260112101300000000_NSE_EQ|INE742F01042,NSE_EQ|INE742F01042,SELL,80.0,1420.99,113.6792,FILLED
2026-01-12T10:18:00,trade_order_20260112101800000000_NSE_EQ|INE742F01042,NSE_EQ|INE742F01042,BUY,80.0,1421.11,113.68879999999999,FILLED
2026-01-12T10:34:00,trade_order_20260112103400000000_NSE_EQ|INE742F01042,NSE_EQ|INE742F01042,SELL,80.0,1422.39,113.79120000000002,FILLED
2026-01-12T10:48:00,trade_order_20260112104800000000_NSE_EQ|INE742F01042,NSE_EQ|INE742F01042,BUY,80.0,1420.91,113.67280000000001,FILLED
2026-01-12T10:52:00,trade_order_20260112105200000000_NSE_EQ|INE742F01042,NSE_EQ|INE742F01042,SELL,80.0,1419.79,113.5832,FILLED
2026-01-12T11:07:00,trade_order_20260112110700000000_NSE_EQ|INE742F01042,NSE_EQ|INE742F01042,BUY,80.0,1418.41,113.4728,FILLED
2026-01-12T11:09:00,trade_order_20260112110900000000_NSE_EQ|INE742F01042,NSE_EQ|INE742F01042,SELL,80.0,1416.19,113.29520000000001,FILLED
2026-01-12T11:47:00,trade_order_20260112114700000000_NSE_EQ|INE742F01042,NSE_EQ|INE742F01042,BUY,80.0,1407.91,112.6328,FILLED
2026-01-12T11:53:00,trade_order_20260112115300000000_NSE_EQ|INE742F01042,NSE_EQ|INE742F01042,SELL,80.0,1407.09,112.5672,FILLED
2026-01-12T11:55:00,trade_order_20260112115500000000_NSE_EQ|INE742F01042,NSE_EQ|INE742F01042,BUY,80.0,1407.61,112.60879999999999,FILLED
2026-01-12T11:56:00,trade_order_20260112115600000000_NSE_EQ|INE742F01042,NSE_EQ|INE742F01042,SELL,80.0,1406.19,112.49520000000001,FILLED
2026-01-12T11:58:00,trade_order_20260112115800000000_NSE_EQ|INE742F01042,NSE_EQ|INE742F01042,BUY,80.0,1408.51,112.6808,FILLED
2026-01-12T12:03:00,trade_order_20260112120300000000_NSE_EQ|INE742F01042,NSE_EQ|INE742F01042,SELL,80.0,1407.29,112.5832,FILLED
2026-01-12T12:07:00,trade_order_20260112120700000000_NSE_EQ|INE742F01042,NSE_EQ|INE742F01042,BUY,80.0,1407.61,112.60879999999999,FILLED
2026-01-12T13:01:00,trade_order_20260112130100000000_NSE_EQ|INE742F01042,NSE_EQ|INE742F01042,SELL,80.0,1430.09,114.4072,FILLED
2026-01-12T13:03:00,trade_order_20260112130300000000_NSE_EQ|INE742F01042,NSE_EQ|INE742F01042,BUY,80.0,1430.21,114.41680000000001,FILLED
2026-01-12T13:27:00,trade_order_20260112132700000000_NSE_EQ|INE742F01042,NSE_EQ|INE742F01042,SELL,80.0,1433.69,114.69520000000001,FILLED
2026-01-12T13:28:00,trade_order_20260112132800000000_NSE_EQ|INE742F01042,NSE_EQ|INE742F01042,BUY,80.0,1434.31,114.74479999999998,FILLED
2026-01-12T13:29:00,trade_order_20260112132900000000_NSE_EQ|INE742F01042,NSE_EQ|INE742F01042,SELL,80.0,1433.29,114.6632,FILLED
2026-01-12T13:30:00,trade_order_20260112133000000000_NSE_EQ|INE742F01042,NSE_EQ|INE742F01042,BUY,80.0,1434.61,114.76879999999998,FILLED
2026-01-12T13:43:00,trade_order_20260112134300000000_NSE_EQ|INE742F01042,NSE_EQ|INE742F01042,SELL,80.0,1436.49,114.9192,FILLED
2026-01-12T13:45:00,trade_order_20260112134500000000_NSE_EQ|INE742F01042,NSE_EQ|INE742F01042,BUY,80.0,1436.81,114.94479999999999,FILLED
2026-01-12T13:49:00,trade_order_20260112134900000000_NSE_EQ|INE742F01042,NSE_EQ|INE742F01042,SELL,80.0,1436.29,114.9032,FILLED
2026-01-12T13:54:00,trade_order_20260112135400000000_NSE_EQ|INE742F01042,NSE_EQ|INE742F01042,BUY,80.0,1436.61,114.9288,FILLED
2026-01-12T13:56:00,trade_order_20260112135600000000_NSE_EQ|INE742F01042,NSE_EQ|INE742F01042,SELL,80.0,1436.09,114.88719999999999,FILLED
2026-01-12T14:09:00,trade_order_20260112140900000000_NSE_EQ|INE742F01042,NSE_EQ|INE742F01042,BUY,80.0,1436.11,114.88879999999999,FILLED
2026-01-12T14:10:00,trade_order_20260112141000000000_NSE_EQ|INE742F01042,NSE_EQ|INE742F01042,SELL,80.0,1435.59,114.8472,FILLED
2026-01-12T14:12:00,trade_order_20260112141200000000_NSE_EQ|INE742F01042,NSE_EQ|INE742F01042,BUY,80.0,1435.91,114.87280000000001,FILLED
2026-01-12T14:14:00,trade_order_20260112141400000000_NSE_EQ|INE742F01042,NSE_EQ|INE742F01042,SELL,80.0,1434.99,114.7992,FILLED
2026-01-12T14:22:00,trade_order_20260112142200000000_NSE_EQ|INE742F01042,NSE_EQ|INE742F01042,BUY,80.0,1435.11,114.80879999999999,FILLED
2026-01-12T14:26:00,trade_order_20260112142600000000_NSE_EQ|INE742F01042,NSE_EQ|INE742F01042,SELL,80.0,1434.59,114.7672,FILLED
2026-01-12T14:38:00,trade_order_20260112143800000000_NSE_EQ|INE742F01042,NSE_EQ|INE742F01042,BUY,80.0,1435.61,114.8488,FILLED
2026-01-12T15:20:00,trade_order_20260112152000000000_NSE_EQ|INE742F01042,NSE_EQ|INE742F01042,SELL,80.0,1442.29,115.3832,FILLED
2026-01-12T15:21:00,trade_order_20260112152100000000_NSE_EQ|INE742F01042,NSE_EQ|INE742F01042,BUY,80.0,1443.91,115.5128,FILLED
2026-01-13T09:16:00,trade_order_20260113091600000000_NSE_EQ|INE742F01042,NSE_EQ|INE742F01042,SELL,80.0,1443.79,115.50319999999999,FILLED
2026-01-13T09:19:00,trade_order_20260113091900000000_NSE_EQ|INE742F01042,NSE_EQ|INE742F01042,BUY,80.0,1445.71,115.6568,FILLED
2026-01-13T09:20:00,trade_order_20260113092000000000_NSE_EQ|INE742F01042,NSE_EQ|INE742F01042,SELL,80.0,1443.19,115.45520000000002,FILLED
2026-01-13T09:22:00,trade_order_20260113092200000000_NSE_EQ|INE742F01042,NSE_EQ|INE742F01042,BUY,80.0,1445.51,115.6408,FILLED
2026-01-13T09:26:00,trade_order_20260113092600000000_NSE_EQ|INE742F01042,NSE_EQ|INE742F01042,SELL,80.0,1443.89,115.51120000000002,FILLED
2026-01-13T09:45:00,trade_order_20260113094500000000_NSE_EQ|INE742F01042,NSE_EQ|INE742F01042,BUY,80.0,1439.41,115.1528,FILLED
2026-01-13T09:49:00,trade_order_20260113094900000000_NSE_EQ|INE742F01042,NSE_EQ|INE742F01042,SELL,80.0,1437.09,114.9672,FILLED
2026-01-13T09:50:00,trade_order_20260113095000000000_NSE_EQ|INE742F01042,NSE_EQ|INE742F01042,BUY,80.0,1438.21,115.05680000000001,FILLED
2026-01-13T09:54:00,trade_order_20260113095400000000_NSE_EQ|INE742F01042,NSE_EQ|INE742F01042,SELL,80.0,1437.69,115.01520000000001,FILLED
2026-01-13T10:02:00,trade_order_20260113100200000000_NSE_EQ|INE742F01042,NSE_EQ|INE742F01042,BUY,80.0,1438.11,115.04879999999999,FILLED
2026-01-13T10:13:00,trade_order_20260113101300000000_NSE_EQ|INE742F01042,NSE_EQ|INE742F01042,SELL,80.0,1437.99,115.0392,FILLED
2026-01-13T10:21:00,trade_order_20260113102100000000_NSE_EQ|INE742F01042,NSE_EQ|INE742F01042,BUY,80.0,1439.51,115.16080000000001,FILLED
2026-01-13T10:24:00,trade_order_20260113102400000000_NSE_EQ|INE742F01042,NSE_EQ|INE742F01042,SELL,80.0,1437.49,114.9992,FILLED
2026-01-13T10:25:00,trade_order_20260113102500000000_NSE_EQ|INE742F01042,NSE_EQ|INE742F01042,BUY,80.0,1438.21,115.05680000000001,FILLED
2026-01-13T10:35:00,trade_order_20260113103500000000_NSE_EQ|INE742F01042,NSE_EQ|INE742F01042,SELL,80.0,1438.29,115.0632,FILLED
2026-01-13T10:50:00,trade_order_20260113105000000000_NSE_EQ|INE742F01042,NSE_EQ|INE742F01042,BUY,80.0,1436.91,114.95280000000001,FILLED
2026-01-13T10:54:00,trade_order_20260113105400000000_NSE_EQ|INE742F01042,NSE_EQ|INE742F01042,SELL,80.0,1435.69,114.85520000000001,FILLED
2026-01-13T10:58:00,trade_order_20260113105800000000_NSE_EQ|INE742F01042,NSE_EQ|INE742F01042,BUY,80.0,1437.41,114.9928,FILLED
2026-01-13T11:01:00,trade_order_20260113110100000000_NSE_EQ|INE742F01042,NSE_EQ|INE742F01042,SELL,80.0,1435.79,114.8632,FILLED
2026-01-13T11:04:00,trade_order_20260113110400000000_NSE_EQ|INE742F01042,NSE_EQ|INE742F01042,BUY,80.0,1436.31,114.9048,FILLED
2026-01-13T11:06:00,trade_order_20260113110600000000_NSE_EQ|INE742F01042,NSE_EQ|INE742F01042,SELL,80.0,1435.79,114.8632,FILLED
2026-01-13T11:09:00,trade_order_20260113110900000000_NSE_EQ|INE742F01042,NSE_EQ|INE742F01042,BUY,80.0,1436.81,114.94479999999999,FILLED
2026-01-13T11:13:00,trade_order_20260113111300000000_NSE_EQ|INE742F01042,NSE_EQ|INE742F01042,SELL,80.0,1435.89,114.87120000000002,FILLED
2026-01-13T11:14:00,trade_order_20260113111400000000_NSE_EQ|INE742F01042,NSE_EQ|INE742F01042,BUY,80.0,1437.61,115.0088,FILLED
2026-01-13T11:38:00,trade_order_20260113113800000000_NSE_EQ|INE742F01042,NSE_EQ|INE742F01042,SELL,80.0,1438.29,115.0632,FILLED
2026-01-13T11:56:00,trade_order_20260113115600000000_NSE_EQ|INE742F01042,NSE_EQ|INE742F01042,BUY,80.0,1436.21,114.8968,FILLED
2026-01-13T11:57:00,trade_order_20260113115700000000_NSE_EQ|INE742F01042,NSE_EQ|INE742F01042,SELL,80.0,1435.59,114.8472,FILLED
2026-01-13T12:29:00,trade_order_20260113122900000000_NSE_EQ|INE742F01042,NSE_EQ|INE742F01042,BUY,80.0,1431.01,114.4808,FILLED
2026-01-13T12:34:00,trade_order_20260113123400000000_NSE_EQ|INE742F01042,NSE_EQ|INE742F01042,SELL,80.0,1429.99,114.3992,FILLED
2026-01-13T12:35:00,trade_order_20260113123500000000_NSE_EQ|INE742F01042,NSE_EQ|INE742F01042,BUY,80.0,1430.61,114.44879999999999,FILLED
2026-01-13T12:39:00,trade_order_20260113123900000000_NSE_EQ|INE742F01042,NSE_EQ|INE742F01042,SELL,80.0,1430.29,114.4232,FILLED
2026-01-13T13:10:00,trade_order_20260113131000000000_NSE_EQ|INE742F01042,NSE_EQ|INE742F01042,BUY,80.0,1428.81,114.30479999999999,FILLED
2026-01-13T13:13:00,trade_order_20260113131300000000_NSE_EQ|INE742F01042,NSE_EQ|INE742F01042,SELL,80.0,1427.09,114.1672,FILLED
2026-01-13T13:14:00,trade_order_20260113131400000000_NSE_EQ|INE742F01042,NSE_EQ|INE742F01042,BUY,80.0,1428.91,114.31280000000001,FILLED
2026-01-13T13:17:00,trade_order_20260113131700000000_NSE_EQ|INE742F01042,NSE_EQ|INE742F01042,SELL,80.0,1427.39,114.19120000000001,FILLED
2026-01-13T13:18:00,trade_order_20260113131800000000_NSE_EQ|INE742F01042,NSE_EQ|INE742F01042,BUY,80.0,1428.01,114.24080000000001,FILLED
2026-01-13T13:29:00,trade_order_20260113132900000000_NSE_EQ|INE742F01042,NSE_EQ|INE742F01042,SELL,80.0,1427.99,114.2392,FILLED
2026-01-13T13:30:00,trade_order_20260113133000000000_NSE_EQ|INE742F01042,NSE_EQ|INE742F01042,BUY,80.0,1428.91,114.31280000000001,FILLED
2026-01-13T13:31:00,trade_order_20260113133100000000_NSE_EQ|INE742F01042,NSE_EQ|INE742F01042,SELL,80.0,1428.49,114.2792,FILLED
2026-01-13T13:32:00,trade_order_20260113133200000000_NSE_EQ|INE742F01042,NSE_EQ|INE742F01042,BUY,80.0,1428.71,114.2968,FILLED
2026-01-13T13:33:00,trade_order_20260113133300000000_NSE_EQ|INE742F01042,NSE_EQ|INE742F01042,SELL,80.0,1427.89,114.23120000000002,FILLED
2026-01-13T13:34:00,trade_order_20260113133400000000_NSE_EQ|INE742F01042,NSE_EQ|INE742F01042,BUY,80.0,1429.21,114.33680000000001,FILLED
2026-01-13T13:40:00,trade_order_20260113134000000000_NSE_EQ|INE742F01042,NSE_EQ|INE742F01042,SELL,80.0,1428.69,114.29520000000001,FILLED
2026-01-13T13:44:00,trade_order_20260113134400000000_NSE_EQ|INE742F01042,NSE_EQ|INE742F01042,BUY,80.0,1429.91,114.39280000000001,FILLED
2026-01-13T13:48:00,trade_order_20260113134800000000_NSE_EQ|INE742F01042,NSE_EQ|INE742F01042,SELL,80.0,1428.19,114.25520000000002,FILLED
2026-01-13T13:50:00,trade_order_20260113135000000000_NSE_EQ|INE742F01042,NSE_EQ|INE742F01042,BUY,80.0,1429.01,114.3208,FILLED
2026-01-13T13:55:00,trade_order_20260113135500000000_NSE_EQ|INE742F01042,NSE_EQ|INE742F01042,SELL,80.0,1427.49,114.1992,FILLED
2026-01-13T14:31:00,trade_order_20260113143100000000_NSE_EQ|INE742F01042,NSE_EQ|INE742F01042,BUY,80.0,1425.81,114.06479999999999,FILLED
2026-01-13T14:58:00,trade_order_20260113145800000000_NSE_EQ|INE742F01042,NSE_EQ|INE742F01042,SELL,80.0,1427.59,114.2072,FILLED
2026-01-13T14:59:00,trade_order_20260113145900000000_NSE_EQ|INE742F01042,NSE_EQ|INE742F01042,BUY,80.0,1429.31,114.34479999999999,FILLED
2026-01-13T15:02:00,trade_order_20260113150200000000_NSE_EQ|INE742F01042,NSE_EQ|INE742F01042,SELL,80.0,1428.59,114.2872,FILLED
2026-01-13T15:03:00,trade_order_20260113150300000000_NSE_EQ|INE742F01042,NSE_EQ|INE742F01042,BUY,80.0,1429.01,114.3208,FILLED
2026-01-13T15:04:00,trade_order_20260113150400000000_NSE_EQ|INE742F01042,NSE_EQ|INE742F01042,SELL,80.0,1428.69,114.29520000000001,FILLED
2026-01-13T15:06:00,trade_order_20260113150600000000_NSE_EQ|INE742F01042,NSE_EQ|INE742F01042,BUY,80.0,1429.71,114.3768,FILLED
2026-01-13T15:11:00,trade_order_20260113151100000000_NSE_EQ|INE742F01042,NSE_EQ|INE742F01042,SELL,80.0,1428.89,114.31120000000001,FILLED
2026-01-13T15:22:00,trade_order_20260113152200000000_NSE_EQ|INE742F01042,NSE_EQ|INE742F01042,BUY,80.0,1428.81,114.30479999999999,FILLED
2026-01-13T15:23:00,trade_order_20260113152300000000_NSE_EQ|INE742F01042,NSE_EQ|INE742F01042,SELL,80.0,1427.99,114.2392,FILLED
2026-01-13T15:24:00,trade_order_20260113152400000000_NSE_EQ|INE742F01042,NSE_EQ|INE742F01042,BUY,80.0,1429.91,114.39280000000001,FILLED
2026-01-14T09:15:00,trade_order_20260114091500000000_NSE_EQ|INE742F01042,NSE_EQ|INE742F01042,SELL,80.0,1423.69,113.89520000000002,FILLED
2026-01-14T09:29:00,trade_order_20260114092900000000_NSE_EQ|INE742F01042,NSE_EQ|INE742F01042,BUY,80.0,1426.81,114.14479999999999,FILLED
2026-01-14T09:31:00,trade_order_20260114093100000000_NSE_EQ|INE742F01042,NSE_EQ|INE742F01042,SELL,80.0,1424.79,113.9832,FILLED
2026-01-14T09:38:00,trade_order_20260114093800000000_NSE_EQ|INE742F01042,NSE_EQ|INE742F01042,BUY,80.0,1426.51,114.1208,FILLED
2026-01-14T09:40:00,trade_order_20260114094000000000_NSE_EQ|INE742F01042,NSE_EQ|INE742F01042,SELL,80.0,1424.59,113.9672,FILLED
2026-01-14T09:51:00,trade_order_20260114095100000000_NSE_EQ|INE742F01042,NSE_EQ|INE742F01042,BUY,80.0,1426.71,114.13680000000001,FILLED
2026-01-14T10:07:00,trade_order_20260114100700000000_NSE_EQ|INE742F01042,NSE_EQ|INE742F01042,SELL,80.0,1428.39,114.27120000000001,FILLED
2026-01-14T10:24:00,trade_order_20260114102400000000_NSE_EQ|INE742F01042,NSE_EQ|INE742F01042,BUY,80.0,1427.01,114.16080000000001,FILLED
2026-01-14T10:46:00,trade_order_20260114104600000000_NSE_EQ|INE742F01042,NSE_EQ|INE742F01042,SELL,80.0,1432.09,114.5672,FILLED
2026-01-14T10:47:00,trade_order_20260114104700000000_NSE_EQ|INE742F01042,NSE_EQ|INE742F01042,BUY,80.0,1433.01,114.6408,FILLED
2026-01-14T11:07:00,trade_order_20260114110700000000_NSE_EQ|INE742F01042,NSE_EQ|INE742F01042,SELL,80.0,1435.59,114.8472,FILLED
2026-01-14T11:09:00,trade_order_20260114110900000000_NSE_EQ|INE742F01042,NSE_EQ|INE742F01042,BUY,80.0,1436.61,114.9288,FILLED
2026-01-14T11:11:00,trade_order_20260114111100000000_NSE_EQ|INE742F01042,NSE_EQ|INE742F01042,SELL,80.0,1435.79,114.8632,FILLED
2026-01-14T11:12:00,trade_order_20260114111200000000_NSE_EQ|INE742F01042,NSE_EQ|INE742F01042,BUY,80.0,1436.11,114.88879999999999,FILLED
2026-01-14T11:13:00,trade_order_20260114111300000000_NSE_EQ|INE742F01042,NSE_EQ|INE742F01042,SELL,80.0,1435.49,114.8392,FILLED
2026-01-14T11:15:00,trade_order_20260114111500000000_NSE_EQ|INE742F01042,NSE_EQ|INE742F01042,BUY,80.0,1436.91,114.95280000000001,FILLED
2026-01-14T11:25:00,trade_order_20260114112500000000_NSE_EQ|INE742F01042,NSE_EQ|INE742F01042,SELL,80.0,1436.49,114.9192,FILLED
2026-01-14T11:26:00,trade_order_20260114112600000000_NSE_EQ|INE742F01042,NSE_EQ|INE742F01042,BUY,80.0,1436.91,114.95280000000001,FILLED
2026-01-14T11:32:00,trade_order_20260114113200000000_NSE_EQ|INE742F01042,NSE_EQ|INE742F01042,SELL,80.0,1437.19,114.97520000000002,FILLED
2026-01-14T11:33:00,trade_order_20260114113300000000_NSE_EQ|INE742F01042,NSE_EQ|INE742F01042,BUY,80.0,1438.31,115.06479999999999,FILLED
2026-01-14T11:38:00,trade_order_20260114113800000000_NSE_EQ|INE742F01042,NSE_EQ|INE742F01042,SELL,80.0,1437.59,115.0072,FILLED
2026-01-14T11:39:00,trade_order_20260114113900000000_NSE_EQ|INE742F01042,NSE_EQ|INE742F01042,BUY,80.0,1438.11,115.04879999999999,FILLED
2026-01-14T11:44:00,trade_order_20260114114400000000_NSE_EQ|INE742F01042,NSE_EQ|INE742F01042,SELL,80.0,1437.09,114.9672,FILLED
2026-01-14T11:47:00,trade_order_20260114114700000000_NSE_EQ|INE742F01042,NSE_EQ|INE742F01042,BUY,80.0,1437.71,115.0168,FILLED
2026-01-14T11:54:00,trade_order_20260114115400000000_NSE_EQ|INE742F01042,NSE_EQ|INE742F01042,SELL,80.0,1437.69,115.01520000000001,FILLED
2026-01-14T12:00:00,trade_order_20260114120000000000_NSE_EQ|INE742F01042,NSE_EQ|INE742F01042,BUY,80.0,1438.41,115.0728,FILLED
2026-01-14T12:06:00,trade_order_20260114120600000000_NSE_EQ|INE742F01042,NSE_EQ|INE742F01042,SELL,80.0,1437.59,115.0072,FILLED
2026-01-14T12:19:00,trade_order_20260114121900000000_NSE_EQ|INE742F01042,NSE_EQ|INE742F01042,BUY,80.0,1436.91,114.95280000000001,FILLED
2026-01-14T12:23:00,trade_order_20260114122300000000_NSE_EQ|INE742F01042,NSE_EQ|INE742F01042,SELL,80.0,1436.39,114.91120000000001,FILLED
2026-01-14T12:35:00,trade_order_20260114123500000000_NSE_EQ|INE742F01042,NSE_EQ|INE742F01042,BUY,80.0,1436.91,114.95280000000001,FILLED
2026-01-14T12:42:00,trade_order_20260114124200000000_NSE_EQ|INE742F01042,NSE_EQ|INE742F01042,SELL,80.0,1435.99,114.8792,FILLED
2026-01-14T12:47:00,trade_order_20260114124700000000_NSE_EQ|INE742F01042,NSE_EQ|INE742F01042,BUY,80.0,1436.71,114.9368,FILLED
2026-01-14T12:49:00,trade_order_20260114124900000000_NSE_EQ|INE742F01042,NSE_EQ|INE742F01042,SELL,80.0,1436.19,114.89520000000002,FILLED
2026-01-14T12:50:00,trade_order_20260114125000000000_NSE_EQ|INE742F01042,NSE_EQ|INE742F01042,BUY,80.0,1436.51,114.9208,FILLED
2026-01-14T12:51:00,trade_order_20260114125100000000_NSE_EQ|INE742F01042,NSE_EQ|INE742F01042,SELL,80.0,1436.19,114.89520000000002,FILLED
2026-01-14T12:57:00,trade_order_20260114125700000000_NSE_EQ|INE742F01042,NSE_EQ|INE742F01042,BUY,80.0,1436.31,114.9048,FILLED
2026-01-14T12:59:00,trade_order_20260114125900000000_NSE_EQ|INE742F01042,NSE_EQ|INE742F01042,SELL,80.0,1435.39,114.83120000000001,FILLED
2026-01-14T13:10:00,trade_order_20260114131000000000_NSE_EQ|INE742F01042,NSE_EQ|INE742F01042,BUY,80.0,1436.51,114.9208,FILLED
2026-01-14T13:18:00,trade_order_20260114131800000000_NSE_EQ|INE742F01042,NSE_EQ|INE742F01042,SELL,80.0,1435.09,114.8072,FILLED
2026-01-14T13:53:00,trade_order_20260114135300000000_NSE_EQ|INE742F01042,NSE_EQ|INE742F01042,BUY,80.0,1431.41,114.5128,FILLED
2026-01-14T13:54:00,trade_order_20260114135400000000_NSE_EQ|INE742F01042,NSE_EQ|INE742F01042,SELL,80.0,1430.49,114.4392,FILLED
2026-01-14T14:00:00,trade_order_20260114140000000000_NSE_EQ|INE742F01042,NSE_EQ|INE742F01042,BUY,80.0,1430.91,114.4728,FILLED
2026-01-14T14:01:00,trade_order_20260114140100000000_NSE_EQ|INE742F01042,NSE_EQ|INE742F01042,SELL,80.0,1430.59,114.4472,FILLED
2026-01-14T14:02:00,trade_order_20260114140200000000_NSE_EQ|INE742F01042,NSE_EQ|INE742F01042,BUY,80.0,1431.41,114.5128,FILLED
2026-01-14T14:03:00,trade_order_20260114140300000000_NSE_EQ|INE742F01042,NSE_EQ|INE742F01042,SELL,80.0,1429.99,114.3992,FILLED
2026-01-14T14:30:00,trade_order_20260114143000000000_NSE_EQ|INE742F01042,NSE_EQ|INE742F01042,BUY,80.0,1428.41,114.2728,FILLED
2026-01-14T14:32:00,trade_order_20260114143200000000_NSE_EQ|INE742F01042,NSE_EQ|INE742F01042,SELL,80.0,1428.19,114.25520000000002,FILLED
2026-01-14T14:33:00,trade_order_20260114143300000000_NSE_EQ|INE742F01042,NSE_EQ|INE742F01042,BUY,80.0,1428.41,114.2728,FILLED
2026-01-14T14:57:00,trade_order_20260114145700000000_NSE_EQ|INE742F01042,NSE_EQ|INE742F01042,SELL,80.0,1431.19,114.49520000000001,FILLED
2026-01-14T15:24:00,trade_order_20260114152400000000_NSE_EQ|INE742F01042,NSE_EQ|INE742F01042,BUY,80.0,1430.21,114.41680000000001,FILLED
2026-01-14T15:25:00,trade_order_20260114152500000000_NSE_EQ|INE742F01042,NSE_EQ|INE742F01042,SELL,80.0,1429.69,114.37520000000002,FILLED
2026-01-16T09:15:00,trade_order_20260116091500000000_NSE_EQ|INE742F01042,NSE_EQ|INE742F01042,BUY,80.0,1438.01,115.0408,FILLED
2026-01-16T09:26:00,trade_order_20260116092600000000_NSE_EQ|INE742F01042,NSE_EQ|INE742F01042,SELL,80.0,1434.59,114.7672,FILLED
2026-01-16T09:36:00,trade_order_20260116093600000000_NSE_EQ|INE742F01042,NSE_EQ|INE742F01042,BUY,80.0,1435.21,114.8168,FILLED
2026-01-16T09:39:00,trade_order_20260116093900000000_NSE_EQ|INE742F01042,NSE_EQ|INE742F01042,SELL,80.0,1433.89,114.71120000000002,FILLED
2026-01-16T09:40:00,trade_order_20260116094000000000_NSE_EQ|INE742F01042,NSE_EQ|INE742F01042,BUY,80.0,1434.31,114.74479999999998,FILLED
2026-01-16T10:36:00,trade_order_20260116103600000000_NSE_EQ|INE742F01042,NSE_EQ|INE742F01042,SELL,80.0,1443.39,115.47120000000001,FILLED
2026-01-16T11:26:00,trade_order_20260116112600000000_NSE_EQ|INE742F01042,NSE_EQ|INE742F01042,BUY,80.0,1436.91,114.95280000000001,FILLED
2026-01-16T11:33:00,trade_order_20260116113300000000_NSE_EQ|INE742F01042,NSE_EQ|INE742F01042,SELL,80.0,1436.99,114.9592,FILLED
2026-01-16T11:34:00,trade_order_20260116113400000000_NSE_EQ|INE742F01042,NSE_EQ|INE742F01042,BUY,80.0,1437.61,115.0088,FILLED
2026-01-16T11:46:00,trade_order_20260116114600000000_NSE_EQ|INE742F01042,NSE_EQ|INE742F01042,SELL,80.0,1437.99,115.0392,FILLED
2026-01-16T11:54:00,trade_order_20260116115400000000_NSE_EQ|INE742F01042,NSE_EQ|INE742F01042,BUY,80.0,1438.01,115.0408,FILLED
2026-01-16T11:55:00,trade_order_20260116115500000000_NSE_EQ|INE742F01042,NSE_EQ|INE742F01042,SELL,80.0,1437.89,115.03120000000001,FILLED
2026-01-16T11:56:00,trade_order_20260116115600000000_NSE_EQ|INE742F01042,NSE_EQ|INE742F01042,BUY,80.0,1438.01,115.0408,FILLED
2026-01-16T11:57:00,trade_order_20260116115700000000_NSE_EQ|INE742F01042,NSE_EQ|INE742F01042,SELL,80.0,1437.49,114.9992,FILLED
2026-01-16T12:40:00,trade_order_20260116124000000000_NSE_EQ|INE742F01042,NSE_EQ|INE742F01042,BUY,80.0,1432.01,114.5608,FILLED
2026-01-16T12:41:00,trade_order_20260116124100000000_NSE_EQ|INE742F01042,NSE_EQ|INE742F01042,SELL,80.0,1431.19,114.49520000000001,FILLED
2026-01-16T12:53:00,trade_order_20260116125300000000_NSE_EQ|INE742F01042,NSE_EQ|INE742F01042,BUY,80.0,1431.31,114.50479999999999,FILLED
2026-01-16T12:59:00,trade_order_20260116125900000000_NSE_EQ|INE742F01042,NSE_EQ|INE742F01042,SELL,80.0,1430.59,114.4472,FILLED
2026-01-16T13:31:00,trade_order_20260116133100000000_NSE_EQ|INE742F01042,NSE_EQ|INE742F01042,BUY,80.0,1427.21,114.1768,FILLED
2026-01-16T13:34:00,trade_order_20260116133400000000_NSE_EQ|INE742F01042,NSE_EQ|INE742F01042,SELL,80.0,1426.29,114.1032,FILLED
2026-01-16T13:47:00,trade_order_20260116134700000000_NSE_EQ|INE742F01042,NSE_EQ|INE742F01042,BUY,80.0,1426.51,114.1208,FILLED
2026-01-16T13:49:00,trade_order_20260116134900000000_NSE_EQ|INE742F01042,NSE_EQ|INE742F01042,SELL,80.0,1425.79,114.0632,FILLED
2026-01-16T13:50:00,trade_order_20260116135000000000_NSE_EQ|INE742F01042,NSE_EQ|INE742F01042,BUY,80.0,1426.51,114.1208,FILLED
2026-01-16T13:51:00,trade_order_20260116135100000000_NSE_EQ|INE742F01042,NSE_EQ|INE742F01042,SELL,80.0,1425.69,114.05520000000001,FILLED
2026-01-16T14:24:00,trade_order_20260116142400000000_NSE_EQ|INE742F01042,NSE_EQ|INE742F01042,BUY,80.0,1423.21,113.8568,FILLED
2026-01-16T14:26:00,trade_order_20260116142600000000_NSE_EQ|INE742F01042,NSE_EQ|INE742F01042,SELL,80.0,1422.89,113.83120000000001,FILLED
2026-01-16T14:39:00,trade_order_20260116143900000000_NSE_EQ|INE742F01042,NSE_EQ|INE742F01042,BUY,80.0,1420.91,113.67280000000001,FILLED
2026-01-16T14:40:00,trade_order_20260116144000000000_NSE_EQ|INE742F01042,NSE_EQ|INE742F01042,SELL,80.0,1420.69,113.65520000000001,FILLED
2026-01-16T14:41:00,trade_order_20260116144100000000_NSE_EQ|INE742F01042,NSE_EQ|INE742F01042,BUY,80.0,1421.21,113.69680000000001,FILLED
2026-01-16T15:02:00,trade_order_20260116150200000000_NSE_EQ|INE742F01042,NSE_EQ|INE742F01042,SELL,80.0,1422.39,113.79120000000002,FILLED
2026-01-16T15:20:00,trade_order_20260116152000000000_NSE_EQ|INE742F01042,NSE_EQ|INE742F01042,BUY,80.0,1421.81,113.74479999999998,FILLED
2026-01-19T09:15:00,trade_order_20260119091500000000_NSE_EQ|INE742F01042,NSE_EQ|INE742F01042,SELL,80.0,1410.19,112.81520000000002,FILLED
2026-01-19T09:37:00,trade_order_20260119093700000000_NSE_EQ|INE742F01042,NSE_EQ|INE742F01042,BUY,80.0,1412.91,113.03280000000001,FILLED
2026-01-19T09:38:00,trade_order_20260119093800000000_NSE_EQ|INE742F01042,NSE_EQ|INE742F01042,SELL,80.0,1412.49,112.9992,FILLED
2026-01-19T09:51:00,trade_order_20260119095100000000_NSE_EQ|INE742F01042,NSE_EQ|INE742F01042,BUY,80.0,1413.11,113.04879999999999,FILLED
2026-01-19T09:58:00,trade_order_20260119095800000000_NSE_EQ|INE742F01042,NSE_EQ|INE742F01042,SELL,80.0,1410.99,112.8792,FILLED
2026-01-19T10:08:00,trade_order_20260119100800000000_NSE_EQ|INE742F01042,NSE_EQ|INE742F01042,BUY,80.0,1410.71,112.8568,FILLED
2026-01-19T10:24:00,trade_order_20260119102400000000_NSE_EQ|INE742F01042,NSE_EQ|INE742F01042,SELL,80.0,1412.09,112.9672,FILLED
2026-01-19T10:30:00,trade_order_20260119103000000000_NSE_EQ|INE742F01042,NSE_EQ|INE742F01042,BUY,80.0,1412.21,112.97680000000001,FILLED
2026-01-19T10:33:00,trade_order_20260119103300000000_NSE_EQ|INE742F01042,NSE_EQ|INE742F01042,SELL,80.0,1410.89,112.87120000000002,FILLED
2026-01-19T10:45:00,trade_order_20260119104500000000_NSE_EQ|INE742F01042,NSE_EQ|INE742F01042,BUY,80.0,1410.01,112.80080000000001,FILLED
2026-01-19T10:46:00,trade_order_20260119104600000000_NSE_EQ|INE742F01042,NSE_EQ|INE742F01042,SELL,80.0,1409.39,112.75120000000001,FILLED
2026-01-19T11:00:00,trade_order_20260119110000000000_NSE_EQ|INE742F01042,NSE_EQ|INE742F01042,BUY,80.0,1409.31,112.74479999999998,FILLED
2026-01-19T11:14:00,trade_order_20260119111400000000_NSE_EQ|INE742F01042,NSE_EQ|INE742F01042,SELL,80.0,1408.99,112.7192,FILLED
2026-01-19T11:43:00,trade_order_20260119114300000000_NSE_EQ|INE742F01042,NSE_EQ|INE742F01042,BUY,80.0,1404.11,112.32879999999999,FILLED
2026-01-19T11:45:00,trade_order_20260119114500000000_NSE_EQ|INE742F01042,NSE_EQ|INE742F01042,SELL,80.0,1403.59,112.2872,FILLED
2026-01-19T11:46:00,trade_order_20260119114600000000_NSE_EQ|INE742F01042,NSE_EQ|INE742F01042,BUY,80.0,1404.01,112.3208,FILLED
2026-01-19T11:47:00,trade_order_20260119114700000000_NSE_EQ|INE742F01042,NSE_EQ|INE742F01042,SELL,80.0,1402.99,112.2392,FILLED
2026-01-19T11:49:00,trade_order_20260119114900000000_NSE_EQ|INE742F01042,NSE_EQ|INE742F01042,BUY,80.0,1404.61,112.3688,FILLED
2026-01-19T11:58:00,trade_order_20260119115800000000_NSE_EQ|INE742F01042,NSE_EQ|INE742F01042,SELL,80.0,1403.89,112.31120000000001,FILLED
2026-01-19T11:59:00,trade_order_20260119115900000000_NSE_EQ|INE742F01042,NSE_EQ|INE742F01042,BUY,80.0,1404.71,112.3768,FILLED
2026-01-19T12:00:00,trade_order_20260119120000000000_NSE_EQ|INE742F01042,NSE_EQ|INE742F01042,SELL,80.0,1403.79,112.3032,FILLED
2026-01-19T12:34:00,trade_order_20260119123400000000_NSE_EQ|INE742F01042,NSE_EQ|INE742F01042,BUY,80.0,1398.81,111.9048,FILLED
2026-01-19T12:35:00,trade_order_20260119123500000000_NSE_EQ|INE742F01042,NSE_EQ|INE742F01042,SELL,80.0,1397.89,111.83120000000001,FILLED
2026-01-19T12:36:00,trade_order_20260119123600000000_NSE_EQ|INE742F01042,NSE_EQ|INE742F01042,BUY,80.0,1398.11,111.8488,FILLED
2026-01-19T12:37:00,trade_order_20260119123700000000_NSE_EQ|INE742F01042,NSE_EQ|INE742F01042,SELL,80.0,1397.89,111.83120000000001,FILLED
2026-01-19T12:41:00,trade_order_20260119124100000000_NSE_EQ|INE742F01042,NSE_EQ|INE742F01042,BUY,80.0,1398.81,111.9048,FILLED
2026-01-19T12:47:00,trade_order_20260119124700000000_NSE_EQ|INE742F01042,NSE_EQ|INE742F01042,SELL,80.0,1397.99,111.8392,FILLED
2026-01-19T12:51:00,trade_order_20260119125100000000_NSE_EQ|INE742F01042,NSE_EQ|INE742F01042,BUY,80.0,1398.81,111.9048,FILLED
2026-01-19T13:16:00,trade_order_20260119131600000000_NSE_EQ|INE742F01042,NSE_EQ|INE742F01042,SELL,80.0,1401.69,112.13520000000001,FILLED
2026-01-19T13:20:00,trade_order_20260119132000000000_NSE_EQ|INE742F01042,NSE_EQ|INE742F01042,BUY,80.0,1402.31,112.1848,FILLED
2026-01-19T13:22:00,trade_order_20260119132200000000_NSE_EQ|INE742F01042,NSE_EQ|INE742F01042,SELL,80.0,1401.79,112.1432,FILLED
2026-01-19T13:28:00,trade_order_20260119132800000000_NSE_EQ|INE742F01042,NSE_EQ|INE742F01042,BUY,80.0,1401.91,112.1528,FILLED
2026-01-19T13:29:00,trade_order_20260119132900000000_NSE_EQ|INE742F01042,NSE_EQ|INE742F01042,SELL,80.0,1401.59,112.1272,FILLED
2026-01-19T13:30:00,trade_order_20260119133000000000_NSE_EQ|INE742F01042,NSE_EQ|INE742F01042,BUY,80.0,1402.31,112.1848,FILLED
2026-01-19T13:45:00,trade_order_20260119134500000000_NSE_EQ|INE742F01042,NSE_EQ|INE742F01042,SELL,80.0,1402.89,112.23120000000002,FILLED
2026-01-19T13:46:00,trade_order_20260119134600000000_NSE_EQ|INE742F01042,NSE_EQ|INE742F01042,BUY,80.0,1403.51,112.2808,FILLED
2026-01-19T13:48:00,trade_order_20260119134800000000_NSE_EQ|INE742F01042,NSE_EQ|INE742F01042,SELL,80.0,1402.79,112.2232,FILLED
2026-01-19T13:49:00,trade_order_20260119134900000000_NSE_EQ|INE742F01042,NSE_EQ|INE742F01042,BUY,80.0,1405.01,112.4008,FILLED
2026-01-19T13:54:00,trade_order_20260119135400000000_NSE_EQ|INE742F01042,NSE_EQ|INE742F01042,SELL,80.0,1403.89,112.31120000000001,FILLED
2026-01-19T13:55:00,trade_order_20260119135500000000_NSE_EQ|INE742F01042,NSE_EQ|INE742F01042,BUY,80.0,1404.31,112.34479999999999,FILLED
2026-01-19T13:56:00,trade_order_20260119135600000000_NSE_EQ|INE742F01042,NSE_EQ|INE742F01042,SELL,80.0,1403.29,112.2632,FILLED
2026-01-19T13:57:00,trade_order_20260119135700000000_NSE_EQ|INE742F01042,NSE_EQ|INE742F01042,BUY,80.0,1404.11,112.32879999999999,FILLED
2026-01-19T13:58:00,trade_order_20260119135800000000_NSE_EQ|INE742F01042,NSE_EQ|INE742F01042,SELL,80.0,1403.39,112.27120000000001,FILLED
2026-01-19T14:00:00,trade_order_20260119140000000000_NSE_EQ|INE742F01042,NSE_EQ|INE742F01042,BUY,80.0,1404.61,112.3688,FILLED
2026-01-19T14:09:00,trade_order_20260119140900000000_NSE_EQ|INE742F01042,NSE_EQ|INE742F01042,SELL,80.0,1404.49,112.3592,FILLED
2026-01-19T14:11:00,trade_order_20260119141100000000_NSE_EQ|INE742F01042,NSE_EQ|INE742F01042,BUY,80.0,1404.91,112.39280000000001,FILLED
2026-01-19T14:12:00,trade_order_20260119141200000000_NSE_EQ|INE742F01042,NSE_EQ|INE742F01042,SELL,80.0,1403.59,112.2872,FILLED
2026-01-19T14:18:00,trade_order_20260119141800000000_NSE_EQ|INE742F01042,NSE_EQ|INE742F01042,BUY,80.0,1404.11,112.32879999999999,FILLED
2026-01-19T14:19:00,trade_order_20260119141900000000_NSE_EQ|INE742F01042,NSE_EQ|INE742F01042,SELL,80.0,1403.89,112.31120000000001,FILLED
2026-01-19T14:20:00,trade_order_20260119142000000000_NSE_EQ|INE742F01042,NSE_EQ|INE742F01042,BUY,80.0,1404.51,112.36080000000001,FILLED
2026-01-19T14:22:00,trade_order_20260119142200000000_NSE_EQ|INE742F01042,NSE_EQ|INE742F01042,SELL,80.0,1402.39,112.19120000000001,FILLED
2026-01-19T14:30:00,trade_order_20260119143000000000_NSE_EQ|INE742F01042,NSE_EQ|INE742F01042,BUY,80.0,1403.41,112.2728,FILLED
2026-01-19T14:31:00,trade_order_20260119143100000000_NSE_EQ|INE742F01042,NSE_EQ|INE742F01042,SELL,80.0,1402.59,112.2072,FILLED
2026-01-19T14:38:00,trade_order_20260119143800000000_NSE_EQ|INE742F01042,NSE_EQ|INE742F01042,BUY,80.0,1403.41,112.2728,FILLED
2026-01-19T14:41:00,trade_order_20260119144100000000_NSE_EQ|INE742F01042,NSE_EQ|INE742F01042,SELL,80.0,1402.29,112.1832,FILLED
2026-01-19T14:42:00,trade_order_20260119144200000000_NSE_EQ|INE742F01042,NSE_EQ|INE742F01042,BUY,80.0,1404.01,112.3208,FILLED
2026-01-19T15:02:00,trade_order_20260119150200000000_NSE_EQ|INE742F01042,NSE_EQ|INE742F01042,SELL,80.0,1405.99,112.4792,FILLED
2026-01-19T15:26:00,trade_order_20260119152600000000_NSE_EQ|INE742F01042,NSE_EQ|INE742F01042,BUY,80.0,1402.51,112.2008,FILLED
2026-01-19T15:27:00,trade_order_20260119152700000000_NSE_EQ|INE742F01042,NSE_EQ|INE742F01042,SELL,80.0,1401.69,112.13520000000001,FILLED
2026-01-19T15:29:00,trade_order_20260119152900000000_NSE_EQ|INE742F01042,NSE_EQ|INE742F01042,BUY,80.0,1403.31,112.2648,FILLED
2026-01-20T09:23:00,trade_order_20260120092300000000_NSE_EQ|INE742F01042,NSE_EQ|INE742F01042,SELL,80.0,1406.19,112.49520000000001,FILLED
2026-01-20T09:43:00,trade_order_20260120094300000000_NSE_EQ|INE742F01042,NSE_EQ|INE742F01042,BUY,80.0,1400.31,112.02479999999998,FILLED
2026-01-20T09:47:00,trade_order_20260120094700000000_NSE_EQ|INE742F01042,NSE_EQ|INE742F01042,SELL,80.0,1398.99,111.9192,FILLED
2026-01-20T09:51:00,trade_order_20260120095100000000_NSE_EQ|INE742F01042,NSE_EQ|INE742F01042,BUY,80.0,1400.31,112.02479999999998,FILLED
2026-01-20T09:52:00,trade_order_20260120095200000000_NSE_EQ|INE742F01042,NSE_EQ|INE742F01042,SELL,80.0,1399.49,111.9592,FILLED
2026-01-20T09:55:00,trade_order_20260120095500000000_NSE_EQ|INE742F01042,NSE_EQ|INE742F01042,BUY,80.0,1400.11,112.0088,FILLED
2026-01-20T09:56:00,trade_order_20260120095600000000_NSE_EQ|INE742F01042,NSE_EQ|INE742F01042,SELL,80.0,1397.99,111.8392,FILLED
2026-01-20T09:58:00,trade_order_20260120095800000000_NSE_EQ|INE742F01042,NSE_EQ|INE742F01042,BUY,80.0,1401.91,112.1528,FILLED
2026-01-20T10:16:00,trade_order_20260120101600000000_NSE_EQ|INE742F01042,NSE_EQ|INE742F01042,SELL,80.0,1403.49,112.2792,FILLED
2026-01-20T10:17:00,trade_order_20260120101700000000_NSE_EQ|INE742F01042,NSE_EQ|INE742F01042,BUY,80.0,1406.01,112.4808,FILLED
2026-01-20T10:21:00,trade_order_20260120102100000000_NSE_EQ|INE742F01042,NSE_EQ|INE742F01042,SELL,80.0,1404.29,112.3432,FILLED
2026-01-20T10:22:00,trade_order_20260120102200000000_NSE_EQ|INE742F01042,NSE_EQ|INE742F01042,BUY,80.0,1405.71,112.4568,FILLED
2026-01-20T10:24:00,trade_order_20260120102400000000_NSE_EQ|INE742F01042,NSE_EQ|INE742F01042,SELL,80.0,1404.09,112.3272,FILLED
2026-01-20T10:27:00,trade_order_20260120102700000000_NSE_EQ|INE742F01042,NSE_EQ|INE742F01042,BUY,80.0,1404.71,112.3768,FILLED
2026-01-20T10:30:00,trade_order_20260120103000000000_NSE_EQ|INE742F01042,NSE_EQ|INE742F01042,SELL,80.0,1402.39,112.19120000000001,FILLED
2026-01-20T10:37:00,trade_order_20260120103700000000_NSE_EQ|INE742F01042,NSE_EQ|INE742F01042,BUY,80.0,1403.71,112.2968,FILLED
2026-01-20T10:39:00,trade_order_20260120103900000000_NSE_EQ|INE742F01042,NSE_EQ|INE742F01042,SELL,80.0,1402.99,112.2392,FILLED
2026-01-20T10:40:00,trade_order_20260120104000000000_NSE_EQ|INE742F01042,NSE_EQ|INE742F01042,BUY,80.0,1404.21,112.33680000000001,FILLED
2026-01-20T10:42:00,trade_order_20260120104200000000_NSE_EQ|INE742F01042,NSE_EQ|INE742F01042,SELL,80.0,1403.29,112.2632,FILLED
2026-01-20T11:16:00,trade_order_20260120111600000000_NSE_EQ|INE742F01042,NSE_EQ|INE742F01042,BUY,80.0,1399.31,111.94479999999999,FILLED
2026-01-20T11:18:00,trade_order_20260120111800000000_NSE_EQ|INE742F01042,NSE_EQ|INE742F01042,SELL,80.0,1397.79,111.8232,FILLED
2026-01-20T11:21:00,trade_order_20260120112100000000_NSE_EQ|INE742F01042,NSE_EQ|INE742F01042,BUY,80.0,1398.01,111.8408,FILLED
2026-01-20T11:40:00,trade_order_20260120114000000000_NSE_EQ|INE742F01042,NSE_EQ|INE742F01042,SELL,80.0,1398.49,111.8792,FILLED
2026-01-20T11:42:00,trade_order_20260120114200000000_NSE_EQ|INE742F01042,NSE_EQ|INE742F01042,BUY,80.0,1399.01,111.9208,FILLED
2026-01-20T11:43:00,trade_order_20260120114300000000_NSE_EQ|INE742F01042,NSE_EQ|INE742F01042,SELL,80.0,1398.39,111.87120000000002,FILLED
2026-01-20T11:51:00,trade_order_20260120115100000000_NSE_EQ|INE742F01042,NSE_EQ|INE742F01042,BUY,80.0,1398.21,111.8568,FILLED
2026-01-20T11:57:00,trade_order_20260120115700000000_NSE_EQ|INE742F01042,NSE_EQ|INE742F01042,SELL,80.0,1397.59,111.8072,FILLED
2026-01-20T12:29:00,trade_order_20260120122900000000_NSE_EQ|INE742F01042,NSE_EQ|INE742F01042,BUY,80.0,1394.41,111.5528,FILLED
2026-01-20T12:30:00,trade_order_20260120123000000000_NSE_EQ|INE742F01042,NSE_EQ|INE742F01042,SELL,80.0,1394.19,111.53520000000002,FILLED
2026-01-20T12:47:00,trade_order_20260120124700000000_NSE_EQ|INE742F01042,NSE_EQ|INE742F01042,BUY,80.0,1393.21,111.4568,FILLED
2026-01-20T12:48:00,trade_order_20260120124800000000_NSE_EQ|INE742F01042,NSE_EQ|INE742F01042,SELL,80.0,1392.99,111.4392,FILLED
2026-01-20T12:50:00,trade_order_20260120125000000000_NSE_EQ|INE742F01042,NSE_EQ|INE742F01042,BUY,80.0,1393.31,111.4648,FILLED
2026-01-20T12:55:00,trade_order_20260120125500000000_NSE_EQ|INE742F01042,NSE_EQ|INE742F01042,SELL,80.0,1393.09,111.4472,FILLED
2026-01-20T12:57:00,trade_order_20260120125700000000_NSE_EQ|INE742F01042,NSE_EQ|INE742F01042,BUY,80.0,1393.91,111.5128,FILLED
2026-01-20T13:00:00,trade_order_20260120130000000000_NSE_EQ|INE742F01042,NSE_EQ|INE742F01042,SELL,80.0,1392.99,111.4392,FILLED
2026-01-20T13:20:00,trade_order_20260120132000000000_NSE_EQ|INE742F01042,NSE_EQ|INE742F01042,BUY,80.0,1393.01,111.44080000000001,FILLED
2026-01-20T13:22:00,trade_order_20260120132200000000_NSE_EQ|INE742F01042,NSE_EQ|INE742F01042,SELL,80.0,1391.29,111.3032,FILLED
2026-01-20T13:54:00,trade_order_20260120135400000000_NSE_EQ|INE742F01042,NSE_EQ|INE742F01042,BUY,80.0,1384.81,110.78479999999999,FILLED
2026-01-20T14:02:00,trade_order_20260120140200000000_NSE_EQ|INE742F01042,NSE_EQ|INE742F01042,SELL,80.0,1383.59,110.6872,FILLED
2026-01-20T14:15:00,trade_order_20260120141500000000_NSE_EQ|INE742F01042,NSE_EQ|INE742F01042,BUY,80.0,1383.91,110.7128,FILLED
2026-01-20T14:16:00,trade_order_20260120141600000000_NSE_EQ|INE742F01042,NSE_EQ|INE742F01042,SELL,80.0,1383.59,110.6872,FILLED
2026-01-20T14:17:00,trade_order_20260120141700000000_NSE_EQ|INE742F01042,NSE_EQ|INE742F01042,BUY,80.0,1385.41,110.8328,FILLED
2026-01-20T14:20:00,trade_order_20260120142000000000_NSE_EQ|INE742F01042,NSE_EQ|INE742F01042,SELL,80.0,1383.49,110.6792,FILLED
2026-01-20T14:21:00,trade_order_20260120142100000000_NSE_EQ|INE742F01042,NSE_EQ|INE742F01042,BUY,80.0,1384.11,110.72879999999999,FILLED
2026-01-20T14:31:00,trade_order_20260120143100000000_NSE_EQ|INE742F01042,NSE_EQ|INE742F01042,SELL,80.0,1384.09,110.7272,FILLED
2026-01-20T15:27:00,trade_order_20260120152700000000_NSE_EQ|INE742F01042,NSE_EQ|INE742F01042,BUY,80.0,1375.11,110.0088,FILLED
2026-01-21T09:21:00,trade_order_20260121092100000000_NSE_EQ|INE742F01042,NSE_EQ|INE742F01042,SELL,80.0,1370.39,109.6312,FILLED
2026-01-21T09:23:00,trade_order_20260121092300000000_NSE_EQ|INE742F01042,NSE_EQ|INE742F01042,BUY,80.0,1372.01,109.7608,FILLED
2026-01-21T09:37:00,trade_order_20260121093700000000_NSE_EQ|INE742F01042,NSE_EQ|INE742F01042,SELL,80.0,1375.19,110.01520000000001,FILLED
2026-01-21T09:40:00,trade_order_20260121094000000000_NSE_EQ|INE742F01042,NSE_EQ|INE742F01042,BUY,80.0,1375.81,110.06479999999999,FILLED
2026-01-21T09:41:00,trade_order_20260121094100000000_NSE_EQ|INE742F01042,NSE_EQ|INE742F01042,SELL,80.0,1374.89,109.99120000000002,FILLED
2026-01-21T09:47:00,trade_order_20260121094700000000_NSE_EQ|INE742F01042,NSE_EQ|INE742F01042,BUY,80.0,1375.51,110.0408,FILLED
2026-01-21T09:53:00,trade_order_20260121095300000000_NSE_EQ|INE742F01042,NSE_EQ|INE742F01042,SELL,80.0,1373.89,109.91120000000001,FILLED
2026-01-21T09:56:00,trade_order_20260121095600000000_NSE_EQ|INE742F01042,NSE_EQ|INE742F01042,BUY,80.0,1377.51,110.2008,FILLED
2026-01-21T09:57:00,trade_order_20260121095700000000_NSE_EQ|INE742F01042,NSE_EQ|INE742F01042,SELL,80.0,1373.39,109.87120000000002,FILLED
2026-01-21T10:00:00,trade_order_20260121100000000000_NSE_EQ|INE742F01042,NSE_EQ|INE742F01042,BUY,80.0,1375.01,110.0008,FILLED
2026-01-21T10:01:00,trade_order_20260121100100000000_NSE_EQ|INE742F01042,NSE_EQ|INE742F01042,SELL,80.0,1373.29,109.8632,FILLED
2026-01-21T10:05:00,trade_order_20260121100500000000_NSE_EQ|INE742F01042,NSE_EQ|INE742F01042,BUY,80.0,1374.91,109.9928,FILLED
2026-01-21T10:08:00,trade_order_20260121100800000000_NSE_EQ|INE742F01042,NSE_EQ|INE742F01042,SELL,80.0,1373.59,109.88719999999999,FILLED
2026-01-21T10:11:00,trade_order_20260121101100000000_NSE_EQ|INE742F01042,NSE_EQ|INE742F01042,BUY,80.0,1374.81,109.98479999999999,FILLED
2026-01-21T10:12:00,trade_order_20260121101200000000_NSE_EQ|INE742F01042,NSE_EQ|INE742F01042,SELL,80.0,1372.79,109.8232,FILLED
2026-01-21T10:13:00,trade_order_20260121101300000000_NSE_EQ|INE742F01042,NSE_EQ|INE742F01042,BUY,80.0,1376.01,110.08080000000001,FILLED
2026-01-21T10:18:00,trade_order_20260121101800000000_NSE_EQ|INE742F01042,NSE_EQ|INE742F01042,SELL,80.0,1374.29,109.9432,FILLED
2026-01-21T11:04:00,trade_order_20260121110400000000_NSE_EQ|INE742F01042,NSE_EQ|INE742F01042,BUY,80.0,1354.51,108.36080000000001,FILLED
2026-01-21T11:05:00,trade_order_20260121110500000000_NSE_EQ|INE742F01042,NSE_EQ|INE742F01042,SELL,80.0,1353.19,108.25520000000002,FILLED
2026-01-21T11:11:00,trade_order_20260121111100000000_NSE_EQ|INE742F01042,NSE_EQ|INE742F01042,BUY,80.0,1353.81,108.30479999999999,FILLED
2026-01-21T11:14:00,trade_order_20260121111400000000_NSE_EQ|INE742F01042,NSE_EQ|INE742F01042,SELL,80.0,1353.69,108.29520000000001,FILLED
2026-01-21T11:27:00,trade_order_20260121112700000000_NSE_EQ|INE742F01042,NSE_EQ|INE742F01042,BUY,80.0,1352.61,108.2088,FILLED
2026-01-21T12:28:00,trade_order_20260121122800000000_NSE_EQ|INE742F01042,NSE_EQ|INE742F01042,SELL,80.0,1368.49,109.4792,FILLED
2026-01-21T12:29:00,trade_order_20260121122900000000_NSE_EQ|INE742F01042,NSE_EQ|INE742F01042,BUY,80.0,1369.81,109.58479999999999,FILLED
2026-01-21T13:07:00,trade_order_20260121130700000000_NSE_EQ|INE742F01042,NSE_EQ|INE742F01042,SELL,80.0,1387.39,110.99120000000002,FILLED
2026-01-21T13:18:00,trade_order_20260121131800000000_NSE_EQ|INE742F01042,NSE_EQ|INE742F01042,BUY,80.0,1387.01,110.9608,FILLED
2026-01-21T13:19:00,trade_order_20260121131900000000_NSE_EQ|INE742F01042,NSE_EQ|INE742F01042,SELL,80.0,1386.39,110.91120000000001,FILLED
2026-01-21T13:20:00,trade_order_20260121132000000000_NSE_EQ|INE742F01042,NSE_EQ|INE742F01042,BUY,80.0,1386.91,110.95280000000001,FILLED
2026-01-21T13:21:00,trade_order_20260121132100000000_NSE_EQ|INE742F01042,NSE_EQ|INE742F01042,SELL,80.0,1384.99,110.7992,FILLED
2026-01-21T13:45:00,trade_order_20260121134500000000_NSE_EQ|INE742F01042,NSE_EQ|INE742F01042,BUY,80.0,1383.81,110.70479999999999,FILLED
2026-01-21T13:46:00,trade_order_20260121134600000000_NSE_EQ|INE742F01042,NSE_EQ|INE742F01042,SELL,80.0,1383.59,110.6872,FILLED
2026-01-21T13:49:00,trade_order_20260121134900000000_NSE_EQ|INE742F01042,NSE_EQ|INE742F01042,BUY,80.0,1383.91,110.7128,FILLED
2026-01-21T13:50:00,trade_order_20260121135000000000_NSE_EQ|INE742F01042,NSE_EQ|INE742F01042,SELL,80.0,1382.99,110.6392,FILLED
2026-01-21T14:17:00,trade_order_20260121141700000000_NSE_EQ|INE742F01042,NSE_EQ|INE742F01042,BUY,80.0,1379.71,110.3768,FILLED
2026-01-21T14:26:00,trade_order_20260121142600000000_NSE_EQ|INE742F01042,NSE_EQ|INE742F01042,SELL,80.0,1377.59,110.2072,FILLED
2026-01-21T14:34:00,trade_order_20260121143400000000_NSE_EQ|INE742F01042,NSE_EQ|INE742F01042,BUY,80.0,1376.91,110.1528,FILLED
2026-01-21T14:35:00,trade_order_20260121143500000000_NSE_EQ|INE742F01042,NSE_EQ|INE742F01042,SELL,80.0,1376.19,110.09520000000002,FILLED
2026-01-21T14:37:00,trade_order_20260121143700000000_NSE_EQ|INE742F01042,NSE_EQ|INE742F01042,BUY,80.0,1377.11,110.16879999999999,FILLED
2026-01-21T14:48:00,trade_order_20260121144800000000_NSE_EQ|INE742F01042,NSE_EQ|INE742F01042,SELL,80.0,1377.99,110.2392,FILLED
2026-01-21T14:49:00,trade_order_20260121144900000000_NSE_EQ|INE742F01042,NSE_EQ|INE742F01042,BUY,80.0,1379.01,110.3208,FILLED
2026-01-21T14:59:00,trade_order_20260121145900000000_NSE_EQ|INE742F01042,NSE_EQ|INE742F01042,SELL,80.0,1378.79,110.3032,FILLED
2026-01-21T15:00:00,trade_order_20260121150000000000_NSE_EQ|INE742F01042,NSE_EQ|INE742F01042,BUY,80.0,1379.81,110.38479999999998,FILLED
2026-01-21T15:02:00,trade_order_20260121150200000000_NSE_EQ|INE742F01042,NSE_EQ|INE742F01042,SELL,80.0,1378.59,110.2872,FILLED
2026-01-21T15:03:00,trade_order_20260121150300000000_NSE_EQ|INE742F01042,NSE_EQ|INE742F01042,BUY,80.0,1379.31,110.34479999999999,FILLED
2026-01-21T15:08:00,trade_order_20260121150800000000_NSE_EQ|INE742F01042,NSE_EQ|INE742F01042,SELL,80.0,1379.09,110.3272,FILLED
2026-01-21T15:18:00,trade_order_20260121151800000000_NSE_EQ|INE742F01042,NSE_EQ|INE742F01042,BUY,80.0,1378.91,110.31280000000001,FILLED
2026-01-21T15:19:00,trade_order_20260121151900000000_NSE_EQ|INE742F01042,NSE_EQ|INE742F01042,SELL,80.0,1377.99,110.2392,FILLED
2026-01-21T15:26:00,trade_order_20260121152600000000_NSE_EQ|INE742F01042,NSE_EQ|INE742F01042,BUY,80.0,1379.51,110.36080000000001,FILLED
2026-01-22T09:57:00,trade_order_20260122095700000000_NSE_EQ|INE742F01042,NSE_EQ|INE742F01042,SELL,80.0,1414.99,113.1992,FILLED
2026-01-22T09:58:00,trade_order_20260122095800000000_NSE_EQ|INE742F01042,NSE_EQ|INE742F01042,BUY,80.0,1416.61,113.32879999999999,FILLED
2026-01-22T10:01:00,trade_order_20260122100100000000_NSE_EQ|INE742F01042,NSE_EQ|INE742F01042,SELL,80.0,1415.49,113.2392,FILLED
2026-01-22T10:03:00,trade_order_20260122100300000000_NSE_EQ|INE742F01042,NSE_EQ|INE742F01042,BUY,80.0,1415.71,113.2568,FILLED
2026-01-22T10:09:00,trade_order_20260122100900000000_NSE_EQ|INE742F01042,NSE_EQ|INE742F01042,SELL,80.0,1415.79,113.2632,FILLED
2026-01-22T10:11:00,trade_order_20260122101100000000_NSE_EQ|INE742F01042,NSE_EQ|INE742F01042,BUY,80.0,1418.01,113.44080000000001,FILLED
2026-01-22T10:18:00,trade_order_20260122101800000000_NSE_EQ|INE742F01042,NSE_EQ|INE742F01042,SELL,80.0,1416.49,113.3192,FILLED
2026-01-22T10:24:00,trade_order_20260122102400000000_NSE_EQ|INE742F01042,NSE_EQ|INE742F01042,BUY,80.0,1416.01,113.2808,FILLED
2026-01-22T10:25:00,trade_order_20260122102500000000_NSE_EQ|INE742F01042,NSE_EQ|INE742F01042,SELL,80.0,1414.59,113.1672,FILLED
2026-01-22T10:35:00,trade_order_20260122103500000000_NSE_EQ|INE742F01042,NSE_EQ|INE742F01042,BUY,80.0,1413.81,113.1048,FILLED
2026-01-22T10:38:00,trade_order_20260122103800000000_NSE_EQ|INE742F01042,NSE_EQ|INE742F01042,SELL,80.0,1413.19,113.05520000000001,FILLED
2026-01-22T10:41:00,trade_order_20260122104100000000_NSE_EQ|INE742F01042,NSE_EQ|INE742F01042,BUY,80.0,1413.61,113.08879999999999,FILLED
2026-01-22T10:42:00,trade_order_20260122104200000000_NSE_EQ|INE742F01042,NSE_EQ|INE742F01042,SELL,80.0,1412.89,113.03120000000001,FILLED
2026-01-22T10:43:00,trade_order_20260122104300000000_NSE_EQ|INE742F01042,NSE_EQ|INE742F01042,BUY,80.0,1414.01,113.1208,FILLED
2026-01-22T10:53:00,trade_order_20260122105300000000_NSE_EQ|INE742F01042,NSE_EQ|INE742F01042,SELL,80.0,1413.59,113.0872,FILLED
2026-01-22T11:03:00,trade_order_20260122110300000000_NSE_EQ|INE742F01042,NSE_EQ|INE742F01042,BUY,80.0,1412.91,113.03280000000001,FILLED
2026-01-22T11:04:00,trade_order_20260122110400000000_NSE_EQ|INE742F01042,NSE_EQ|INE742F01042,SELL,80.0,1411.99,112.9592,FILLED
2026-01-22T11:09:00,trade_order_20260122110900000000_NSE_EQ|INE742F01042,NSE_EQ|INE742F01042,BUY,80.0,1412.01,112.9608,FILLED
2026-01-22T11:11:00,trade_order_20260122111100000000_NSE_EQ|INE742F01042,NSE_EQ|INE742F01042,SELL,80.0,1411.59,112.9272,FILLED
2026-01-22T11:14:00,trade_order_20260122111400000000_NSE_EQ|INE742F01042,NSE_EQ|INE742F01042,BUY,80.0,1412.01,112.9608,FILLED
2026-01-22T11:17:00,trade_order_20260122111700000000_NSE_EQ|INE742F01042,NSE_EQ|INE742F01042,SELL,80.0,1410.69,112.85520000000001,FILLED
2026-01-22T11:21:00,trade_order_20260122112100000000_NSE_EQ|INE742F01042,NSE_EQ|INE742F01042,BUY,80.0,1411.91,112.95280000000001,FILLED
2026-01-22T11:22:00,trade_order_20260122112200000000_NSE_EQ|INE742F01042,NSE_EQ|INE742F01042,SELL,80.0,1409.29,112.7432,FILLED
2026-01-22T11:25:00,trade_order_20260122112500000000_NSE_EQ|INE742F01042,NSE_EQ|INE742F01042,BUY,80.0,1413.01,113.0408,FILLED
2026-01-22T11:29:00,trade_order_20260122112900000000_NSE_EQ|INE742F01042,NSE_EQ|INE742F01042,SELL,80.0,1411.49,112.9192,FILLED
2026-01-22T11:49:00,trade_order_20260122114900000000_NSE_EQ|INE742F01042,NSE_EQ|INE742F01042,BUY,80.0,1409.61,112.76879999999998,FILLED
2026-01-22T11:52:00,trade_order_20260122115200000000_NSE_EQ|INE742F01042,NSE_EQ|INE742F01042,SELL,80.0,1408.59,112.6872,FILLED
2026-01-22T11:53:00,trade_order_20260122115300000000_NSE_EQ|INE742F01042,NSE_EQ|INE742F01042,BUY,80.0,1409.31,112.74479999999998,FILLED
2026-01-22T11:54:00,trade_order_20260122115400000000_NSE_EQ|INE742F01042,NSE_EQ|INE742F01042,SELL,80.0,1408.39,112.67120000000001,FILLED
2026-01-22T11:56:00,trade_order_20260122115600000000_NSE_EQ|INE742F01042,NSE_EQ|INE742F01042,BUY,80.0,1408.91,112.7128,FILLED
2026-01-22T11:57:00,trade_order_20260122115700000000_NSE_EQ|INE742F01042,NSE_EQ|INE742F01042,SELL,80.0,1408.49,112.6792,FILLED
2026-01-22T12:04:00,trade_order_20260122120400000000_NSE_EQ|INE742F01042,NSE_EQ|INE742F01042,BUY,80.0,1407.91,112.6328,FILLED
2026-01-22T12:19:00,trade_order_20260122121900000000_NSE_EQ|INE742F01042,NSE_EQ|INE742F01042,SELL,80.0,1408.99,112.7192,FILLED
2026-01-22T12:20:00,trade_order_20260122122000000000_NSE_EQ|INE742F01042,NSE_EQ|INE742F01042,BUY,80.0,1411.11,112.88879999999999,FILLED
2026-01-22T12:25:00,trade_order_20260122122500000000_NSE_EQ|INE742F01042,NSE_EQ|INE742F01042,SELL,80.0,1408.99,112.7192,FILLED
2026-01-22T13:00:00,trade_order_20260122130000000000_NSE_EQ|INE742F01042,NSE_EQ|INE742F01042,BUY,80.0,1404.81,112.38479999999998,FILLED
2026-01-22T13:01:00,trade_order_20260122130100000000_NSE_EQ|INE742F01042,NSE_EQ|INE742F01042,SELL,80.0,1403.09,112.2472,FILLED
2026-01-22T13:03:00,trade_order_20260122130300000000_NSE_EQ|INE742F01042,NSE_EQ|INE742F01042,BUY,80.0,1405.01,112.4008,FILLED
2026-01-22T13:05:00,trade_order_20260122130500000000_NSE_EQ|INE742F01042,NSE_EQ|INE742F01042,SELL,80.0,1404.19,112.33520000000001,FILLED
2026-01-22T13:19:00,trade_order_20260122131900000000_NSE_EQ|INE742F01042,NSE_EQ|INE742F01042,BUY,80.0,1402.31,112.1848,FILLED
2026-01-22T13:20:00,trade_order_20260122132000000000_NSE_EQ|INE742F01042,NSE_EQ|INE742F01042,SELL,80.0,1401.79,112.1432,FILLED
2026-01-22T13:23:00,trade_order_20260122132300000000_NSE_EQ|INE742F01042,NSE_EQ|INE742F01042,BUY,80.0,1402.11,112.16879999999999,FILLED
2026-01-22T13:24:00,trade_order_20260122132400000000_NSE_EQ|INE742F01042,NSE_EQ|INE742F01042,SELL,80.0,1401.49,112.1192,FILLED
2026-01-22T13:33:00,trade_order_20260122133300000000_NSE_EQ|INE742F01042,NSE_EQ|INE742F01042,BUY,80.0,1402.61,112.2088,FILLED
2026-01-22T14:12:00,trade_order_20260122141200000000_NSE_EQ|INE742F01042,NSE_EQ|INE742F01042,SELL,80.0,1407.09,112.5672,FILLED
2026-01-22T14:17:00,trade_order_20260122141700000000_NSE_EQ|INE742F01042,NSE_EQ|INE742F01042,BUY,80.0,1407.51,112.6008,FILLED
2026-01-22T14:18:00,trade_order_20260122141800000000_NSE_EQ|INE742F01042,NSE_EQ|INE742F01042,SELL,80.0,1407.29,112.5832,FILLED
2026-01-22T14:20:00,trade_order_20260122142000000000_NSE_EQ|INE742F01042,NSE_EQ|INE742F01042,BUY,80.0,1408.71,112.69680000000001,FILLED
2026-01-22T14:50:00,trade_order_20260122145000000000_NSE_EQ|INE742F01042,NSE_EQ|INE742F01042,SELL,80.0,1414.79,113.1832,FILLED
2026-01-22T14:52:00,trade_order_20260122145200000000_NSE_EQ|INE742F01042,NSE_EQ|INE742F01042,BUY,80.0,1415.11,113.2088,FILLED
2026-01-22T14:53:00,trade_order_20260122145300000000_NSE_EQ|INE742F01042,NSE_EQ|INE742F01042,SELL,80.0,1414.79,113.1832,FILLED
2026-01-22T14:56:00,trade_order_20260122145600000000_NSE_EQ|INE742F01042,NSE_EQ|INE742F01042,BUY,80.0,1414.61,113.16879999999999,FILLED
2026-01-22T14:58:00,trade_order_20260122145800000000_NSE_EQ|INE742F01042,NSE_EQ|INE742F01042,SELL,80.0,1414.39,113.15120000000002,FILLED
2026-01-22T14:59:00,trade_order_20260122145900000000_NSE_EQ|INE742F01042,NSE_EQ|INE742F01042,BUY,80.0,1415.41,113.23280000000001,FILLED
2026-01-22T15:00:00,trade_order_20260122150000000000_NSE_EQ|INE742F01042,NSE_EQ|INE742F01042,SELL,80.0,1413.49,113.0792,FILLED
2026-01-22T15:06:00,trade_order_20260122150600000000_NSE_EQ|INE742F01042,NSE_EQ|INE742F01042,BUY,80.0,1414.41,113.1528,FILLED
2026-01-22T15:11:00,trade_order_20260122151100000000_NSE_EQ|INE742F01042,NSE_EQ|INE742F01042,SELL,80.0,1413.39,113.07120000000002,FILLED
2026-01-22T15:16:00,trade_order_20260122151600000000_NSE_EQ|INE742F01042,NSE_EQ|INE742F01042,BUY,80.0,1414.21,113.13680000000001,FILLED
2026-01-22T15:18:00,trade_order_20260122151800000000_NSE_EQ|INE742F01042,NSE_EQ|INE742F01042,SELL,80.0,1413.29,113.0632,FILLED
2026-01-22T15:19:00,trade_order_20260122151900000000_NSE_EQ|INE742F01042,NSE_EQ|INE742F01042,BUY,80.0,1415.01,113.2008,FILLED
2026-01-23T09:15:00,trade_order_20260123091500000000_NSE_EQ|INE742F01042,NSE_EQ|INE742F01042,SELL,80.0,1407.09,112.5672,FILLED
2026-01-23T10:00:00,trade_order_20260123100000000000_NSE_EQ|INE742F01042,NSE_EQ|INE742F01042,BUY,80.0,1396.11,111.68879999999999,FILLED
2026-01-23T10:02:00,trade_order_20260123100200000000_NSE_EQ|INE742F01042,NSE_EQ|INE742F01042,SELL,80.0,1395.79,111.6632,FILLED
2026-01-23T10:04:00,trade_order_20260123100400000000_NSE_EQ|INE742F01042,NSE_EQ|INE742F01042,BUY,80.0,1397.01,111.7608,FILLED
2026-01-23T10:11:00,trade_order_20260123101100000000_NSE_EQ|INE742F01042,NSE_EQ|INE742F01042,SELL,80.0,1396.39,111.71120000000002,FILLED
2026-01-23T10:12:00,trade_order_20260123101200000000_NSE_EQ|INE742F01042,NSE_EQ|INE742F01042,BUY,80.0,1397.01,111.7608,FILLED
2026-01-23T10:15:00,trade_order_20260123101500000000_NSE_EQ|INE742F01042,NSE_EQ|INE742F01042,SELL,80.0,1396.29,111.7032,FILLED
2026-01-23T10:31:00,trade_order_20260123103100000000_NSE_EQ|INE742F01042,NSE_EQ|INE742F01042,BUY,80.0,1397.41,111.7928,FILLED
2026-01-23T10:39:00,trade_order_20260123103900000000_NSE_EQ|INE742F01042,NSE_EQ|INE742F01042,SELL,80.0,1395.69,111.65520000000001,FILLED
2026-01-23T10:45:00,trade_order_20260123104500000000_NSE_EQ|INE742F01042,NSE_EQ|INE742F01042,BUY,80.0,1396.21,111.69680000000001,FILLED
2026-01-23T10:47:00,trade_order_20260123104700000000_NSE_EQ|INE742F01042,NSE_EQ|INE742F01042,SELL,80.0,1394.79,111.5832,FILLED
2026-01-23T10:50:00,trade_order_20260123105000000000_NSE_EQ|INE742F01042,NSE_EQ|INE742F01042,BUY,80.0,1396.71,111.7368,FILLED
2026-01-23T11:21:00,trade_order_20260123112100000000_NSE_EQ|INE742F01042,NSE_EQ|INE742F01042,SELL,80.0,1399.69,111.97520000000002,FILLED
2026-01-23T11:24:00,trade_order_20260123112400000000_NSE_EQ|INE742F01042,NSE_EQ|INE742F01042,BUY,80.0,1400.11,112.0088,FILLED
2026-01-23T11:26:00,trade_order_20260123112600000000_NSE_EQ|INE742F01042,NSE_EQ|INE742F01042,SELL,80.0,1399.99,111.9992,FILLED
2026-01-23T11:51:00,trade_order_20260123115100000000_NSE_EQ|INE742F01042,NSE_EQ|INE742F01042,BUY,80.0,1397.51,111.80080000000001,FILLED
2026-01-23T11:53:00,trade_order_20260123115300000000_NSE_EQ|INE742F01042,NSE_EQ|INE742F01042,SELL,80.0,1396.09,111.6872,FILLED
2026-01-23T12:16:00,trade_order_20260123121600000000_NSE_EQ|INE742F01042,NSE_EQ|INE742F01042,BUY,80.0,1393.21,111.4568,FILLED
2026-01-23T12:17:00,trade_order_20260123121700000000_NSE_EQ|INE742F01042,NSE_EQ|INE742F01042,SELL,80.0,1391.49,111.3192,FILLED
2026-01-23T12:42:00,trade_order_20260123124200000000_NSE_EQ|INE742F01042,NSE_EQ|INE742F01042,BUY,80.0,1383.71,110.69680000000001,FILLED
2026-01-23T12:44:00,trade_order_20260123124400000000_NSE_EQ|INE742F01042,NSE_EQ|INE742F01042,SELL,80.0,1381.19,110.49520000000001,FILLED
2026-01-23T13:27:00,trade_order_20260123132700000000_NSE_EQ|INE742F01042,NSE_EQ|INE742F01042,BUY,80.0,1347.41,107.7928,FILLED
2026-01-23T13:30:00,trade_order_20260123133000000000_NSE_EQ|INE742F01042,NSE_EQ|INE742F01042,SELL,80.0,1342.79,107.4232,FILLED
2026-01-23T13:54:00,trade_order_20260123135400000000_NSE_EQ|INE742F01042,NSE_EQ|INE742F01042,BUY,80.0,1338.61,107.08879999999999,FILLED
2026-01-23T13:57:00,trade_order_20260123135700000000_NSE_EQ|INE742F01042,NSE_EQ|INE742F01042,SELL,80.0,1331.89,106.55120000000001,FILLED
2026-01-23T14:23:00,trade_order_20260123142300000000_NSE_EQ|INE742F01042,NSE_EQ|INE742F01042,BUY,80.0,1312.81,105.02479999999998,FILLED
2026-01-23T14:24:00,trade_order_20260123142400000000_NSE_EQ|INE742F01042,NSE_EQ|INE742F01042,SELL,80.0,1307.99,104.6392,FILLED
2026-01-23T14:33:00,trade_order_20260123143300000000_NSE_EQ|INE742F01042,NSE_EQ|INE742F01042,BUY,80.0,1308.01,104.6408,FILLED
2026-01-23T14:34:00,trade_order_20260123143400000000_NSE_EQ|INE742F01042,NSE_EQ|INE742F01042,SELL,80.0,1307.69,104.61520000000002,FILLED
2026-01-23T14:41:00,trade_order_20260123144100000000_NSE_EQ|INE742F01042,NSE_EQ|INE742F01042,BUY,80.0,1308.91,104.7128,FILLED
2026-01-23T14:44:00,trade_order_20260123144400000000_NSE_EQ|INE742F01042,NSE_EQ|INE742F01042,SELL,80.0,1305.59,104.4472,FILLED
2026-01-23T14:54:00,trade_order_20260123145400000000_NSE_EQ|INE742F01042,NSE_EQ|INE742F01042,BUY,80.0,1314.01,105.1208,FILLED
2026-01-23T15:01:00,trade_order_20260123150100000000_NSE_EQ|INE742F01042,NSE_EQ|INE742F01042,SELL,80.0,1307.99,104.6392,FILLED
2026-01-23T15:08:00,trade_order_20260123150800000000_NSE_EQ|INE742F01042,NSE_EQ|INE742F01042,BUY,80.0,1307.31,104.58479999999999,FILLED
2026-01-23T15:11:00,trade_order_20260123151100000000_NSE_EQ|INE742F01042,NSE_EQ|INE742F01042,SELL,80.0,1306.89,104.55120000000001,FILLED
2026-01-23T15:14:00,trade_order_20260123151400000000_NSE_EQ|INE742F01042,NSE_EQ|INE742F01042,BUY,80.0,1309.51,104.7608,FILLED
2026-01-23T15:21:00,trade_order_20260123152100000000_NSE_EQ|INE742F01042,NSE_EQ|INE742F01042,SELL,80.0,1307.09,104.5672,FILLED
2026-01-23T15:22:00,trade_order_20260123152200000000_NSE_EQ|INE742F01042,NSE_EQ|INE742F01042,BUY,80.0,1309.71,104.77680000000001,FILLED
2026-01-23T15:26:00,trade_order_20260123152600000000_NSE_EQ|INE742F01042,NSE_EQ|INE742F01042,SELL,80.0,1309.29,104.7432,FILLED
2026-01-23T15:29:00,trade_order_20260123152900000000_NSE_EQ|INE742F01042,NSE_EQ|INE742F01042,BUY,80.0,1314.91,105.1928,FILLED
